{
	"textures": {
        "0": "blocks/wool_colored_black",
        "1": "blocks/coal_block",
        "2": "blocks/anvil_base",
        "3": "entity/chest/normal",
        "4": "blocks/log_jungle",
        "5": "blocks/bedrock",
        "6": "blocks/coal_ore",
        "7": "blocks/wool_colored_gray",
        "9": "blocks/stonebrick_carved"
    },
    "elements": [
        {
            "name": "MainBody",
            "from": [ 4.0, 7.58, 7.6 ], 
            "to": [ 10.9, 8.78, 8.4 ], 
            "faces": {
                "north": { "texture": "#0", "uv": [ 3.0, 13.0, 10.0, 14.0 ], "rotation": 90 },
                "east": { "texture": "#1", "uv": [ 0.0, 5.0, 0.0, 8.0 ] },
                "south": { "texture": "#0", "uv": [ 3.0, 14.0, 10.0, 13.0 ], "rotation": 90 },
                "west": { "texture": "#1", "uv": [ 0.0, 5.0, 0.0, 8.0 ] },
                "up": { "texture": "#1", "uv": [ 0.0, 3.0, 1.0, 4.0 ], "rotation": 180 },
                "down": { "texture": "#1", "uv": [ 2.0, 11.0, 3.0, 12.0 ] }
            }
        },
        {
            "name": "TopBody",
            "from": [ 5.0625, 8.7, 7.75 ], 
            "to": [ 10.9625, 9.5, 8.25 ], 
            "faces": {
                "north": { "texture": "#0", "uv": [ 3.0, 13.0, 13.0, 14.0 ], "rotation": 90 },
                "east": { "texture": "#2", "uv": [ 0.0, 0.0, 1.0, 2.0 ] },
                "south": { "texture": "#0", "uv": [ 3.0, 13.0, 13.0, 14.0 ], "rotation": 90 },
                "west": { "texture": "#1", "uv": [ 0.0, 5.0, 0.0, 8.0 ] },
                "up": { "texture": "#2", "uv": [ 0.0, 0.0, 16.0, 16.0 ] }
            }
        },
        {
            "name": "FrontBody",
            "from": [ 4.125, 7.9025, 7.7501 ], 
            "to": [ 5.455, 8.5625, 8.2499 ], 
            "rotation": { "origin": [ 4.125, 8.5625, 7.75 ], "axis": "z", "angle": 45.0 },
            "faces": {
                "north": { "texture": "#0", "uv": [ 3.0, 13.0, 13.0, 14.0 ], "rotation": 90 },
                "east": { "texture": "#1", "uv": [ 0.0, 5.0, 0.0, 8.0 ] },
                "south": { "texture": "#0", "uv": [ 3.0, 13.0, 13.0, 14.0 ], "rotation": 90 },
                "up": { "texture": "#2", "uv": [ 0.0, 0.0, 9.0, 16.0 ], "rotation": 180 }
            }
        },
        {
            "name": "ForeGripBottom",
            "from": [ 10.9, 7.7, 7.6 ], 
            "to": [ 14.0, 8.8, 8.4 ], 
            "faces": {
                "north": { "texture": "#3", "uv": [ 3.8, 8.5, 6.9, 10.5 ] },
                "east": { "texture": "#3", "uv": [ 8.0, 1.0, 9.0, 2.0 ] },
                "south": { "texture": "#3", "uv": [ 6.9, 8.5, 3.9, 10.5 ] },
                "west": { "texture": "#4", "uv": [ 4.0, 6.0, 5.0, 7.0 ] },
                "up": { "texture": "#3", "uv": [ 8.0, 1.0, 9.0, 2.0 ], "rotation": 180 },
                "down": { "texture": "#4", "uv": [ 3.0, 10.0, 10.0, 15.0 ] }
            }
        },
        {
            "name": "ForeGripTop",
            "from": [ 10.875, 8.8, 7.7 ], 
            "to": [ 13.9375, 9.425, 8.3 ], 
            "faces": {
                "north": { "texture": "#3", "uv": [ 3.3, 8.9, 5.0, 10.0 ], "rotation": 180 },
                "east": { "texture": "#3", "uv": [ 8.0, 1.0, 9.0, 2.0 ] },
                "south": { "texture": "#3", "uv": [ 3.3, 9.0, 5.0, 10.1 ] },
                "west": { "texture": "#3", "uv": [ 8.0, 1.0, 9.0, 2.0 ] },
                "up": { "texture": "#3", "uv": [ 3.3, 9.0, 5.0, 10.0 ] }
            }
        },
        {
            "name": "FrontSight",
            "from": [ 10.9, 9.5, 7.7 ], 
            "to": [ 10.9625, 9.7, 8.3 ], 
            "faces": {
                "north": { "texture": "#1", "uv": [ 11.0, 6.0, 12.0, 7.0 ] },
                "east": { "texture": "#2", "uv": [ 9.0, 6.0, 14.0, 8.0 ] },
                "south": { "texture": "#1", "uv": [ 11.0, 6.0, 12.0, 7.0 ] },
                "west": { "texture": "#5", "uv": [ 8.0, 5.0, 11.0, 7.0 ] },
                "up": { "texture": "#5", "uv": [ 8.0, 5.0, 11.0, 6.0 ], "rotation": 90 },
                "down": { "texture": "#1", "uv": [ 11.0, 6.0, 12.0, 7.0 ] }
            }
        },
        {
            "name": "Barrel",
            "from": [ 13.9375, 8.125, 7.75 ], 
            "to": [ 18.7375, 8.625, 8.25 ], 
            "faces": {
                "north": { "texture": "#2", "uv": [ 0.0, 0.0, 16.0, 3.0 ] },
                "east": { "texture": "#6", "uv": [ 9.0, 4.0, 13.0, 8.0 ] },
                "south": { "texture": "#2", "uv": [ 0.0, 0.0, 16.0, 3.0 ] },
                "up": { "texture": "#2", "uv": [ 0.0, 0.0, 16.0, 3.0 ], "rotation": 180 },
                "down": { "texture": "#1", "uv": [ 0.0, 0.0, 16.0, 3.0 ] }
            }
        },
        {
            "name": "RearSight",
            "from": [ 17.5, 8.5625, 7.9375 ], 
            "to": [ 18.0, 9.625, 8.1375 ], 
            "faces": {
                "north": { "texture": "#7", "uv": [ 0.0, 0.0, 1.0, 1.0 ] },
                "east": { "texture": "#7", "uv": [ 0.0, 0.0, 2.0, 1.0 ] },
                "south": { "texture": "#7", "uv": [ 0.0, 0.0, 1.0, 1.0 ] },
                "west": { "texture": "#7", "uv": [ 0.0, 0.0, 2.0, 1.0 ] },
                "up": { "texture": "#7", "uv": [ 2.0, 2.0, 4.0, 4.0 ] },
                "down": { "texture": "#7", "uv": [ 2.0, 2.0, 4.0, 4.0 ] }
            }
        },
        {
            "name": "Mag1",
            "from": [ 7.5, 6.7, 7.699 ], 
            "to": [ 9.3, 7.6000000000000005, 8.301 ], 
            "faces": {
                "north": { "texture": "#7", "uv": [ 0.0, 3.0, 2.0, 13.0 ], "rotation": 270 },
                "east": { "texture": "#2", "uv": [ 0.0, 10.0, 3.0, 11.0 ] },
                "south": { "texture": "#7", "uv": [ 0.0, 3.0, 2.0, 13.0 ], "rotation": 90 },
                "west": { "texture": "#2", "uv": [ 0.0, 10.0, 3.0, 11.0 ] }
            }
        },
        {
            "name": "Mag2",
            "from": [ 7.5, 4.6, 7.7 ], 
            "to": [ 9.1875, 6.7875, 8.3 ], 
            "rotation": { "origin": [ 7.5, 6.8125, 7.625 ], "axis": "z", "angle": 22.5 },
            "faces": {
                "north": { "texture": "#7", "uv": [ 0.0, 3.0, 2.0, 13.0 ], "rotation": 270 },
                "east": { "texture": "#2", "uv": [ 0.0, 10.0, 3.0, 11.0 ] },
                "south": { "texture": "#7", "uv": [ 0.0, 3.0, 2.0, 13.0 ], "rotation": 90 },
                "west": { "texture": "#2", "uv": [ 0.0, 10.0, 3.0, 11.0 ] },
                "down": { "texture": "#2", "uv": [ 0.0, 0.0, 1.6875, 0.6000000000000005 ] }
            }
        },
        {
            "name": "Mag3",
            "from": [ 8.3, 2.6, 7.701 ], 
            "to": [ 9.925, 4.800000000000001, 8.299 ], 
            "rotation": { "origin": [ 8.4, 4.8125, 7.625 ], "axis": "z", "angle": 45.0 },
            "faces": {
                "north": { "texture": "#7", "uv": [ 0.0, 3.0, 2.0, 13.0 ], "rotation": 270 },
                "east": { "texture": "#2", "uv": [ 0.0, 8.0, 3.0, 9.0 ] },
                "south": { "texture": "#7", "uv": [ 0.0, 3.0, 2.0, 13.0 ], "rotation": 90 },
                "west": { "texture": "#2", "uv": [ 0.0, 8.0, 3.0, 9.0 ] },
                "up": { "texture": "#2", "uv": [ 0.0, 4.0, 3.0, 5.0 ] },
                "down": { "texture": "#7", "uv": [ 0.0, 3.0, 6.0, 13.0 ], "rotation": 90 }
            }
        },
        {
            "name": "Grip",
            "from": [ 4.5625, 5.3375, 7.7 ], 
            "to": [ 5.5625, 7.9375, 8.3 ], 
            "rotation": { "origin": [ 4.5625, 7.9375, 7.75 ], "axis": "z", "angle": -22.5 },
            "faces": {
                "north": { "texture": "#3", "uv": [ 4.0, 0.3, 7.0, 3.0 ], "rotation": 270 },
                "east": { "texture": "#3", "uv": [ 7.5, 0.0, 10.0, 3.0 ] },
                "south": { "texture": "#3", "uv": [ 10.0, 5.0, 7.300000000000001, 8.0 ], "rotation": 90 },
                "west": { "texture": "#3", "uv": [ 7.0, 5.0, 10.0, 8.0 ], "rotation": 90 },
                "down": { "texture": "#3", "uv": [ 8.0, 1.0, 10.0, 3.0 ] }
            }
        },
        {
            "name": "StockTop",
            "from": [ 2.0, 8.0, 7.65 ], 
            "to": [ 3.1, 8.8, 8.35 ], 
            "rotation": { "origin": [ 1.625, 8.75, 7.6875 ], "axis": "z", "angle": -22.5 },
            "faces": {
                "north": { "texture": "#3", "uv": [ 9.0, 5.0, 10.0, 8.0 ] },
                "south": { "texture": "#3", "uv": [ 8.0, 5.0, 9.0, 8.0 ] },
                "up": { "texture": "#3", "uv": [ 9.0, 5.0, 10.0, 8.0 ] }
            }
        },
        {
            "name": "StockBottom",
            "from": [ 0.375, 6.2, 7.601 ], 
            "to": [ 4.375, 7.2, 8.399 ], 
            "rotation": { "origin": [ 0.375, 7.25, 7.6875 ], "axis": "z", "angle": 22.5 },
            "faces": {
                "north": { "texture": "#3", "uv": [ 7.0, 5.0, 10.0, 8.0 ] },
                "south": { "texture": "#3", "uv": [ 7.0, 5.0, 10.0, 8.0 ], "rotation": 180 },
                "west": { "texture": "#3", "uv": [ 8.0, 1.0, 9.0, 2.0 ] },
                "up": { "texture": "#3", "uv": [ 4.0, 0.3, 7.0, 3.0 ] },
                "down": { "texture": "#3", "uv": [ 7.5, 0.3, 10.0, 3.0 ] }
            }
        },
        {
            "name": "StockButt",
            "from": [ -2.7, 6.300000000000001, 7.6 ], 
            "to": [ 0.7999999999999998, 8.600000000000001, 8.4 ], 
            "faces": {
                "north": { "texture": "#3", "uv": [ 4.0, 0.3, 7.0, 3.0 ] },
                "east": { "texture": "#3", "uv": [ 7.0, 5.0, 10.0, 8.0 ] },
                "south": { "texture": "#3", "uv": [ 7.0, 5.0, 10.0, 8.0 ] },
                "west": { "texture": "#2", "uv": [ 0.0, 0.0, 16.0, 16.0 ] },
                "up": { "texture": "#3", "uv": [ 7.0, 5.0, 10.0, 8.0 ] },
                "down": { "texture": "#3", "uv": [ 7.0, 1.0, 10.0, 3.0 ] }
            }
        },
        {
            "name": "StockMid",
            "from": [ 0.55, 7.26, 7.6015 ], 
            "to": [ 2.05, 8.66, 8.3985 ], 
            "faces": {
                "north": { "texture": "#3", "uv": [ 8.0, 5.0, 10.0, 8.0 ] },
                "east": { "texture": "#3", "uv": [ 4.0, 1.0, 6.0, 3.0 ] },
                "south": { "texture": "#3", "uv": [ 8.0, 5.0, 10.0, 8.0 ] },
                "west": { "texture": "#3", "uv": [ 4.0, 1.0, 6.0, 3.0 ] },
                "up": { "texture": "#3", "uv": [ 4.0, 0.3, 6.7, 3.0 ] }
            }
        },
        {
            "name": "GripBase",
            "from": [ 4.125, 7.1, 7.6 ], 
            "to": [ 5.5, 7.6, 8.4 ], 
            "faces": {
                "north": { "texture": "#1", "uv": [ 7.0, 4.0, 10.0, 5.0 ] },
                "east": { "texture": "#2", "uv": [ 0.0, 11.0, 1.0, 13.0 ] },
                "south": { "texture": "#1", "uv": [ 7.0, 4.0, 10.0, 5.0 ], "rotation": 180 },
                "west": { "texture": "#0", "uv": [ 2.0, 5.0, 3.0, 8.0 ] },
                "down": { "texture": "#1", "uv": [ 11.875, 8.375, 10.5, 7.6875 ] }
            }
        },
        {
            "name": "GasePipeH",
            "from": [ 13.875, 8.875, 7.8 ], 
            "to": [ 15.5, 9.25, 8.2 ], 
            "faces": {
                "north": { "texture": "#2", "uv": [ 15.6875, 0.0, 16.0, 0.375 ] },
                "east": { "texture": "#2", "uv": [ 7.8125, 6.75, 8.125, 7.125 ] },
                "south": { "texture": "#2", "uv": [ 0.0, 0.0, 0.3125, 0.375 ] },
                "up": { "texture": "#9", "uv": [ 6.6875, 7.875, 7.0, 8.1875 ] },
                "down": { "texture": "#1", "uv": [ 0.3125, 8.1875, 0.0, 7.875 ] }
            }
        },
        {
            "name": "GasPipeT",
            "from": [ 15.5625, 8.875, 7.8 ], 
            "to": [ 16.5, 9.25, 8.2 ], 
            "rotation": { "origin": [ 15.5625, 9.25, 7.875 ], "axis": "z", "angle": -45.0 },
            "faces": {
                "north": { "texture": "#2", "uv": [ 16.0, 0.0, 16.0, 0.375 ] },
                "south": { "texture": "#2", "uv": [ 0.0, 0.0, 0.0, 0.375 ] },
                "west": { "texture": "#2", "uv": [ 4.0, 0.0, 4.3125, 0.375 ] },
                "up": { "texture": "#9", "uv": [ 8.0, 8.0, 8.0, 8.3125 ] },
                "down": { "texture": "#1", "uv": [ 16.0, 4.3125, 16.0, 4.0 ] }
            }
        },
        {
            "name": "RearSightBase",
            "from": [ 17.4, 7.9, 7.7 ], 
            "to": [ 18.099999999999998, 8.700000000000001, 8.3 ], 
            "faces": {
                "north": { "texture": "#2", "uv": [ 0.0, 12.0, 1.0, 11.0 ] },
                "east": { "texture": "#1", "uv": [ 7.0, 4.0, 7.6, 4.6 ] },
                "south": { "texture": "#2", "uv": [ 0.0, 11.0, 1.0, 12.0 ] },
                "west": { "texture": "#1", "uv": [ 7.0, 4.0, 7.6, 4.6 ] },
                "up": { "texture": "#2", "uv": [ 2.0, 8.0, 2.6999999999999993, 8.6 ] },
                "down": { "texture": "#1", "uv": [ 5.0, 5.0, 5.7, 5.6 ] }
            }
        },
        {
            "name": "GasPipeBase",
            "from": [ 15.5, 7.9, 7.7 ], 
            "to": [ 16.2, 8.700000000000001, 8.3 ], 
            "faces": {
                "north": { "texture": "#2", "uv": [ 0.0, 11.0, 0.7, 11.8 ] },
                "east": { "texture": "#1", "uv": [ 4.0, 1.0, 4.6, 1.8 ] },
                "south": { "texture": "#2", "uv": [ 0.0, 11.0, 0.7, 11.8 ] },
                "west": { "texture": "#1", "uv": [ 0.0, 0.0, 0.6, 0.8 ] },
                "up": { "texture": "#2", "uv": [ 0.0, 11.0, 0.7, 11.6 ] },
                "down": { "texture": "#1", "uv": [ 0.0, 0.0, 0.7, 0.6 ] }
            }
        },
        {
            "name": "LowerBrace",
            "from": [ 14.0, 7.899, 7.95 ], 
            "to": [ 18.2, 8.0, 8.05 ], 
            "faces": {
                "north": { "texture": "#1", "uv": [ 0.0, 0.0, 4.2, 0.1 ] },
                "east": { "texture": "#1", "uv": [ 0.0, 0.0, 0.1, 0.1 ] },
                "south": { "texture": "#1", "uv": [ 0.0, 0.0, 4.2, 0.1 ] },
                "up": { "texture": "#1", "uv": [ 0.0, 0.0, 4.2, 0.1 ] },
                "down": { "texture": "#1", "uv": [ 0.0, 0.0, 4.2, 0.1 ] }
            }
        },
        {
            "name": "Slide",
            "from": [ 7.5, 8.5, 8.5 ], 
            "to": [ 10.0, 9.0, 8.7 ], 
            "rotation": { "origin": [ 8.0, 8.0, 8.0 ], "axis": "x", "angle": -22.5 },
            "faces": {
                "east": { "texture": "#1", "uv": [ 0.0, 0.0, 0.2, 0.5 ] },
                "south": { "texture": "#2", "uv": [ 0.0, 0.0, 16.0, 4.0 ] },
                "west": { "texture": "#1", "uv": [ 0.0, 0.0, 0.2, 0.5 ] },
                "up": { "texture": "#1", "uv": [ 0.0, 0.0, 2.5, 0.2 ] },
                "down": { "texture": "#1", "uv": [ 0.0, 0.0, 2.5, 0.2 ] }
            }
        },
        {
            "name": "SlideKnob",
            "from": [ 9.8, 8.7, 8.3 ], 
            "to": [ 9.9, 9.0, 8.8 ], 
            "faces": {
                "east": { "texture": "#9", "uv": [ 2.0, 2.0, 5.0, 4.0 ], "rotation": 180 },
                "south": { "texture": "#9", "uv": [ 3.0, 11.0, 4.0, 13.0 ] },
                "west": { "texture": "#9", "uv": [ 2.0, 4.0, 5.1, 2.0 ] },
                "up": { "texture": "#9", "uv": [ 0.0, 0.0, 0.1, 0.5 ] },
                "down": { "texture": "#2", "uv": [ 0.0, 0.0, 0.1, 0.5 ] }
            }
        },
        {
            "name": "BodyDetail",
            "from": [ 8.5, 7.8, 7.599 ], 
            "to": [ 10.5, 8.3, 8.401 ], 
            "faces": {
                "north": { "texture": "#0", "uv": [ 4.0, 10.0, 12.0, 11.0 ] },
                "south": { "texture": "#0", "uv": [ 12.0, 10.0, 4.0, 11.0 ] }
            }
        },
        {
            "name": "BodyBolt",
            "from": [ 7.2, 7.7, 7.599 ], 
            "to": [ 7.3, 7.8, 7.7 ], 
            "faces": {
                "north": { "texture": "#9", "uv": [ 2.0, 11.0, 4.0, 13.0 ] }
            }
        },
        {
            "name": "BodyBolt2",
            "from": [ 6.9, 7.75, 7.599 ], 
            "to": [ 7.0, 7.85, 7.7 ], 
            "faces": {
                "north": { "texture": "#9", "uv": [ 2.0, 11.0, 4.0, 13.0 ] }
            }
        },
        {
            "name": "BodyBolt3",
            "from": [ 5.8, 7.65, 7.599 ], 
            "to": [ 5.9, 7.75, 7.7 ], 
            "faces": {
                "north": { "texture": "#9", "uv": [ 2.0, 2.0, 4.0, 4.0 ], "rotation": 270 }
            }
        },
        {
            "name": "Trigger",
            "from": [ 5.7, 8.0, 7.9 ], 
            "to": [ 5.8, 8.5, 8.1 ], 
            "rotation": { "origin": [ 8.0, 8.0, 8.0 ], "axis": "z", "angle": 22.5 },
            "faces": {
                "north": { "texture": "#1", "uv": [ 0.0, 0.0, 0.1, 0.5 ] },
                "east": { "texture": "#1", "uv": [ 0.0, 0.0, 0.2, 0.5 ] },
                "south": { "texture": "#1", "uv": [ 0.0, 0.0, 0.1, 0.5 ] },
                "west": { "texture": "#1", "uv": [ 0.0, 0.0, 0.2, 0.5 ] },
                "down": { "texture": "#1", "uv": [ 0.0, 0.0, 0.1, 0.2 ] }
            }
        },
        {
            "name": "TriggerGuard",
            "from": [ 5.2, 7.0, 7.8 ], 
            "to": [ 6.5, 7.1, 8.2 ], 
            "faces": {
                "north": { "texture": "#9", "uv": [ 2.0, 2.0, 6.0, 4.0 ], "rotation": 180 },
                "south": { "texture": "#9", "uv": [ 6.0, 2.0, 2.0, 4.0 ], "rotation": 180 },
                "up": { "texture": "#9", "uv": [ 3.0, 1.0, 12.0, 4.0 ] },
                "down": { "texture": "#1", "uv": [ 0.0, 0.0, 1.3, 0.4 ] }
            }
        },
        {
            "name": "MagRelease",
            "from": [ 6.5, 6.8, 7.8 ], 
            "to": [ 7.5, 7.6, 8.2 ], 
            "faces": {
                "north": { "texture": "#2", "uv": [ 0.0, 0.0, 5.0, 5.0 ] },
                "south": { "texture": "#2", "uv": [ 0.0, 0.0, 5.0, 5.0 ] },
                "west": { "texture": "#2", "uv": [ 0.0, 0.0, 3.4, 5.8 ] },
                "down": { "texture": "#1", "uv": [ 7.0, 4.0, 8.0, 5.0 ] }
            }
        }
    ],
	"display": {
		"thirdperson_righthand": {
           "rotation": [ 0, 100, 0 ],
           "translation": [ -0.1, 1.0, -1.9 ],
           "scale": [ 1.0, 1.0, 1.0 ]
        },
        "thirdperson_lefthand": {
           "rotation": [ 0, -90, 190 ],
           "translation": [ -2.0, -5.5, 7.0 ],
           "scale": [ 1.0, 1.0, 1.0 ]
        },
        "firstperson_righthand": {
           "rotation": [ 0, 80, 0 ],
           "translation": [ 2, 3.0, -0.5 ],
           "scale": [ 1.5, 1.5, 1.5 ]
        },
        "firstperson_lefthand": {
           "rotation": [ 0, 0, 0 ],
           "translation": [ 2, 3.75, -0.5 ],
           "scale": [ 0.0, 0.0, 0.0 ]
        },
        "ground": {
           "rotation": [ 0, 0, 0 ],
           "translation": [ 0, 1.0, 0 ],
           "scale": [ 1.0, 1.0, 1.0 ]
        },
        "gui": {
           "rotation": [ 0, 0, 45 ],
           "translation": [ -1.2, 0, 0 ],
           "scale": [ 1.25, 1.25, 1.25 ]
        }
	}
}