{
	 "parent": "item/generated",
    "textures": {
        "layer0": "items/bow_standby"
    },
	"display": {
        "thirdperson_righthand": {
            "rotation": [ -80, 260, -40 ],
            "translation": [ -1, -2, 2.5 ],
            "scale": [ 0.9, 0.9, 0.9 ]
        },
        "thirdperson_lefthand": {
            "rotation": [ -80, -280, 40 ],
            "translation": [ -1, -2, 2.5 ],
            "scale": [ 0.9, 0.9, 0.9 ]
        },
        "firstperson_righthand": {
            "rotation": [ 0, -90, 25 ],
            "translation": [ 1.13, 3.2, 1.13],
            "scale": [ 0.68, 0.68, 0.68 ]
        },
        "firstperson_lefthand": {
            "rotation": [ 0, 90, -25 ],
            "translation": [ 1.13, 3.2, 1.13],
            "scale": [ 0.68, 0.68, 0.68 ]
        }
    },
	"overrides": [
		{ "predicate": {"damaged": 0, "damage": 0, "pulling": 1}, "model": "item/bow_pulling_0"},
		{ "predicate": {"damaged": 0, "damage": 0, "pulling": 1, "pull": 0.65}, "model": "item/bow_pulling_1"},
		{ "predicate": {"damaged": 0, "damage": 0, "pulling": 1, "pull": 0.9}, "model": "item/bow_pulling_2"},
		{ "predicate": {"damaged": 0, "damage": 0.0025974025974025974}, "model": "item/rpg7"},
		{ "predicate": {"damaged": 0, "damage": 0.0025974025974025974, "pulling":1}, "model": "item/rpg7_0"},
		{ "predicate": {"damaged": 0, "damage": 0.005194805194805195}, "model": "item/frf1"},
		{ "predicate": {"damaged": 0, "damage": 0.005194805194805195, "pulling": 1}, "model": "item/frf1_0"},
		{ "predicate": {"damaged": 0, "damage": 0.005194805194805195, "pulling": 1, "pull": 0.7}, "model": "item/frf1_1"},
		{ "predicate": {"damaged": 0, "damage": 0.005194805194805195, "pulling": 1, "pull": 0.8}, "model": "item/frf1_2"},
		{ "predicate": {"damaged": 0, "damage": 0.005194805194805195, "pulling": 1, "pull": 0.9}, "model": "item/frf1_3"},
		{ "predicate": {"damaged": 0, "damage": 0.007792207792207792}, "model": "item/m82"},
		{ "predicate": {"damaged": 0, "damage": 0.007792207792207792, "pulling": 1}, "model": "item/m82_0"},
		{ "predicate": {"damaged": 0, "damage": 0.007792207792207792, "pulling": 1, "pull": 0.7}, "model": "item/m82_1"},
		{ "predicate": {"damaged": 0, "damage": 0.007792207792207792, "pulling": 1, "pull": 0.8}, "model": "item/m82_2"},
		{ "predicate": {"damaged": 0, "damage": 0.007792207792207792, "pulling": 1, "pull": 0.9}, "model": "item/m82_3"},
		{ "predicate": {"damaged": 0, "damage": 0.01038961038961039}, "model": "item/bow"},
		{ "predicate": {"damaged": 0, "damage": 0.012987012987012988}, "model": "item/bow"},
		{ "predicate": {"damaged": 0, "damage": 0.015584415584415584}, "model": "item/bow"},
		
		
		{ "predicate": {"damaged": 0, "damage": 0.01818181818181818}, "model": "item/bow"},
		{ "predicate": {"damaged": 1, "damage": 0, "pulling": 1}, "model": "item/bow_pulling_0"},
		{ "predicate": {"damaged": 1, "damage": 0, "pulling": 1, "pull": 0.65}, "model": "item/bow_pulling_1"},
		{ "predicate": {"damaged": 1, "damage": 0, "pulling": 1, "pull": 0.9}, "model": "item/bow_pulling_2"}
	]
}