{
    "textures": {
        "0": "entity/chest/normal",
        "1": "blocks/anvil_base",
        "2": "blocks/coal_block",
        "3": "blocks/wool_colored_black",
        "4": "blocks/coal_ore",
        "5": "blocks/wool_colored_gray",
        "6": "blocks/stonebrick_carved",
        "7": "items/nether_wart",
        "8": "blocks/glass"
    },
    "elements": [
        {
            "name": "Grip",
            "from": [ 1.0, 0.5, 7.5 ], 
            "to": [ 3.0, 5.0, 8.5 ], 
            "rotation": { "origin": [ 2.0, 10.0, 8.0 ], "axis": "z", "angle": -22.5 },
            "faces": {
                "north": { "texture": "#0", "uv": [ 7.3, 5.0, 10.0, 8.0 ] },
                "east": { "texture": "#0", "uv": [ 10.0, 5.0, 8.0, 8.0 ], "rotation": 180 },
                "south": { "texture": "#0", "uv": [ 7.3, 5.0, 10.0, 8.0 ] },
                "west": { "texture": "#0", "uv": [ 9.0, 0.0, 10.0, 3.0 ] },
                "down": { "texture": "#0", "uv": [ 8.0, 1.0, 9.0, 2.0 ] }
            }
        },
        {
            "name": "TriggerGuardBottom",
            "from": [ 0.0, 3.5, 7.75 ], 
            "to": [ 2.5, 3.75, 8.25 ], 
            "faces": {
                "north": { "texture": "#1", "uv": [ 0.0, 0.0, 2.5, 0.25 ] },
                "east": { "texture": "#1", "uv": [ 0.0, 0.0, 0.5, 0.25 ] },
                "south": { "texture": "#1", "uv": [ 0.0, 0.0, 2.5, 0.25 ] },
                "up": { "texture": "#1", "uv": [ 0.0, 0.0, 2.5, 0.5 ] },
                "down": { "texture": "#2", "uv": [ 7.0, 4.0, 8.0, 5.0 ] }
            }
        },
        {
            "name": "Bolt",
            "from": [ -1.2999999999999998, 7.0, 7.1 ], 
            "to": [ 3.7, 8.3, 8.9 ], 
            "faces": {
                "north": { "texture": "#2", "uv": [ 9.0, 5.0, 10.0, 13.0 ], "rotation": 180 },
                "east": { "texture": "#2", "uv": [ 4.0, 4.0, 5.0, 5.0 ] },
                "south": { "texture": "#2", "uv": [ 9.0, 5.0, 10.0, 13.0 ], "rotation": 180 },
                "west": { "texture": "#2", "uv": [ 7.0, 4.0, 11.0, 8.0 ] },
                "up": { "texture": "#2", "uv": [ 5.0, 5.0, 6.0, 9.0 ] },
                "down": { "texture": "#2", "uv": [ 8.0, 9.0, 9.0, 10.0 ] }
            }
        },
        {
            "name": "RecieverLower",
            "from": [ 2.7, 5.0, 7.1 ], 
            "to": [ 8.0, 7.0, 8.9 ], 
            "faces": {
                "north": { "texture": "#2", "uv": [ 16.0, 11.0, 10.0, 10.0 ], "rotation": 270 },
                "east": { "texture": "#2", "uv": [ 8.0, 1.0, 9.0, 2.0 ] },
                "south": { "texture": "#2", "uv": [ 10.0, 10.0, 16.0, 11.0 ], "rotation": 90 },
                "west": { "texture": "#2", "uv": [ 8.0, 1.0, 9.0, 2.0 ] },
                "up": { "texture": "#1", "uv": [ 0.0, 5.0, 16.0, 6.0 ] },
                "down": { "texture": "#2", "uv": [ 6.0, 0.0, 7.0, 1.0 ] }
            }
        },
        {
            "name": "Stock1",
            "from": [ -2.8, 5.0, 7.2005 ], 
            "to": [ 2.7, 7.0, 8.7995 ], 
            "faces": {
                "north": { "texture": "#0", "uv": [ 7.0, 5.0, 10.0, 8.0 ] },
                "south": { "texture": "#0", "uv": [ 7.0, 5.0, 10.0, 8.0 ], "rotation": 180 },
                "west": { "texture": "#0", "uv": [ 8.0, 5.0, 9.6, 7.0 ], "rotation": 90 },
                "up": { "texture": "#0", "uv": [ 7.0, 5.0, 10.0, 8.0 ], "rotation": 180 },
                "down": { "texture": "#0", "uv": [ 8.25, 1.0, 10.0, 3.0 ] }
            }
        },
        {
            "name": "FlashHider",
            "from": [ 28.5, 6.8, 7.5 ], 
            "to": [ 32.0, 7.8, 8.5 ], 
            "faces": {
                "north": { "texture": "#3", "uv": [ 15.0, 10.0, 10.0, 14.0 ] },
                "east": { "texture": "#4", "uv": [ 9.0, 4.0, 13.0, 8.0 ] },
                "south": { "texture": "#3", "uv": [ 10.0, 10.0, 15.0, 14.0 ] },
                "west": { "texture": "#2", "uv": [ 0.0, 0.0, 1.6, 2.1999999999999993 ] },
                "up": { "texture": "#5", "uv": [ 10.0, 10.0, 15.0, 14.0 ] },
                "down": { "texture": "#2", "uv": [ 0.0, 0.0, 1.0, 1.0 ] }
            }
        },
        {
            "name": "Trigger",
            "from": [ 1.3, 4.0, 7.75 ], 
            "to": [ 1.55, 5.0, 8.25 ], 
            "faces": {
                "north": { "texture": "#2", "uv": [ 0.0, 0.0, 0.25, 1.0 ] },
                "east": { "texture": "#2", "uv": [ 0.0, 0.0, 0.5, 1.0 ] },
                "south": { "texture": "#2", "uv": [ 15.0, 15.0, 16.0, 16.0 ] },
                "west": { "texture": "#2", "uv": [ 0.0, 0.0, 0.5, 1.0 ] },
                "down": { "texture": "#2", "uv": [ 0.0, 0.0, 0.25, 0.5 ] }
            }
        },
        {
            "name": "Mag",
            "from": [ 3.2, 2.5, 7.5 ], 
            "to": [ 7.2, 4.5, 8.5 ], 
            "faces": {
                "north": { "texture": "#5", "uv": [ 0.0, 4.0, 2.0, 10.0 ], "rotation": 90 },
                "east": { "texture": "#6", "uv": [ 15.0, 9.5, 16.0, 14.5 ] },
                "south": { "texture": "#5", "uv": [ 0.0, 4.0, 2.0, 10.0 ], "rotation": 270 },
                "west": { "texture": "#3", "uv": [ 2.0, 7.0, 4.0, 8.0 ] },
                "down": { "texture": "#3", "uv": [ 1.0, 5.0, 7.0, 6.0 ] }
            }
        },
        {
            "name": "MagWell",
            "from": [ 3.0, 4.5, 7.2 ], 
            "to": [ 7.5, 5.5, 8.7 ], 
            "faces": {
                "north": { "texture": "#2", "uv": [ 8.0, 12.0, 9.0, 13.0 ] },
                "east": { "texture": "#2", "uv": [ 15.0, 12.0, 14.0, 13.0 ] },
                "south": { "texture": "#2", "uv": [ 8.0, 12.0, 9.0, 13.0 ] },
                "west": { "texture": "#2", "uv": [ 10.0, 9.0, 11.0, 10.0 ] },
                "down": { "texture": "#2", "uv": [ 0.0, 0.0, 1.0, 1.0 ] }
            }
        },
        {
            "name": "RecieverFront",
            "from": [ 6.800000000000001, 7.0, 7.1 ], 
            "to": [ 8.0, 8.3, 8.9 ], 
            "faces": {
                "north": { "texture": "#2", "uv": [ 9.0, 3.0, 10.0, 14.0 ] },
                "east": { "texture": "#1", "uv": [ 14.25, 12.75, 15.75, 15.5 ] },
                "south": { "texture": "#2", "uv": [ 9.0, 2.0, 10.0, 14.0 ] },
                "west": { "texture": "#6", "uv": [ 14.0, 12.0, 16.0, 16.0 ] },
                "up": { "texture": "#1", "uv": [ 0.0, 4.0, 16.0, 5.0 ], "rotation": 90 },
                "down": { "texture": "#2", "uv": [ 10.0, 15.0, 16.0, 16.0 ] }
            }
        },
        {
            "name": "Foregrip",
            "from": [ 8.0, 6.5, 7.1 ], 
            "to": [ 17.0, 8.1, 8.9 ], 
            "faces": {
                "north": { "texture": "#0", "uv": [ 7.3, 5.0, 10.0, 8.0 ], "rotation": 180 },
                "east": { "texture": "#0", "uv": [ 8.0, 5.3, 10.0, 7.0 ] },
                "south": { "texture": "#0", "uv": [ 7.3, 5.0, 10.0, 8.0 ] },
                "up": { "texture": "#0", "uv": [ 5.0, 9.0, 9.0, 10.5 ] },
                "down": { "texture": "#0", "uv": [ 8.0, 1.0, 9.5, 3.0 ] }
            }
        },
        {
            "name": "Barrel",
            "from": [ 16.75, 6.9, 7.6 ], 
            "to": [ 28.5, 7.7, 8.4 ], 
            "faces": {
                "north": { "texture": "#5", "uv": [ 1.0, 13.0, 9.0, 14.0 ], "rotation": 90 },
                "south": { "texture": "#5", "uv": [ 2.0, 13.0, 9.0, 14.0 ], "rotation": 90 },
                "up": { "texture": "#6", "uv": [ 4.0, 0.0, 13.0, 1.0 ], "rotation": 90 },
                "down": { "texture": "#3", "uv": [ 0.0, 6.0, 2.0, 7.0 ], "rotation": 90 }
            }
        },
        {
            "name": "Stock2",
            "from": [ -10.1, 4.7, 7.2 ], 
            "to": [ -2.6999999999999993, 6.7, 8.8 ], 
            "rotation": { "origin": [ -3.5, 6.7, 8.0 ], "axis": "z", "angle": 22.5 },
            "faces": {
                "north": { "texture": "#0", "uv": [ 7.8, 5.0, 10.0, 8.0 ], "rotation": 180 },
                "south": { "texture": "#0", "uv": [ 7.8, 5.0, 10.0, 8.0 ] },
                "up": { "texture": "#0", "uv": [ 7.0, 5.0, 10.0, 8.0 ] },
                "down": { "texture": "#0", "uv": [ 7.25, 1.0, 10.0, 3.0 ] }
            }
        },
        {
            "name": "Stock3",
            "from": [ -8.75, 4.5, 7.2005 ], 
            "to": [ -3.95, 6.5, 8.7995 ], 
            "faces": {
                "north": { "texture": "#0", "uv": [ 7.3, 5.0, 10.0, 8.0 ] },
                "south": { "texture": "#0", "uv": [ 7.3, 5.0, 10.0, 8.0 ] },
                "up": { "texture": "#0", "uv": [ 9.5, 0.5, 10.2, 3.0 ] }
            }
        },
        {
            "name": "Stock4",
            "from": [ -14.0, 2.3, 7.2005 ], 
            "to": [ -8.75, 6.5, 8.7995 ], 
            "faces": {
                "north": { "texture": "#0", "uv": [ 6.8, 5.0, 10.0, 8.0 ], "rotation": 180 },
                "east": { "texture": "#0", "uv": [ 8.0, 5.0, 10.0, 7.0 ] },
                "south": { "texture": "#0", "uv": [ 6.8, 5.0, 10.0, 8.0 ] },
                "west": { "texture": "#5", "uv": [ 0.0, 0.0, 2.0, 16.0 ] },
                "up": { "texture": "#0", "uv": [ 6.8, 5.0, 10.0, 7.0 ] },
                "down": { "texture": "#0", "uv": [ 4.0, 1.0, 7.2, 3.0 ], "rotation": 180 }
            }
        },
        {
            "name": "TacticoolRail",
            "from": [ -1.0, 8.3, 7.5 ], 
            "to": [ 3.0, 8.700000000000001, 8.5 ], 
            "faces": {
                "north": { "texture": "#4", "uv": [ 3.0, 6.0, 8.0, 8.0 ], "rotation": 180 },
                "east": { "texture": "#4", "uv": [ 5.0, 4.0, 7.0, 6.0 ] },
                "south": { "texture": "#4", "uv": [ 3.0, 6.0, 8.0, 8.0 ], "rotation": 180 },
                "west": { "texture": "#4", "uv": [ 11.0, 10.0, 13.0, 12.0 ] },
                "up": { "texture": "#5", "uv": [ 0.0, 0.0, 2.0, 16.0 ], "rotation": 90 }
            }
        },
        {
            "name": "TriggerGuardFront",
            "from": [ 2.25, 3.7, 7.75 ], 
            "to": [ 2.5, 5.0, 8.25 ], 
            "faces": {
                "north": { "texture": "#1", "uv": [ 0.0, 0.0, 0.25, 1.25 ] },
                "east": { "texture": "#1", "uv": [ 0.0, 0.0, 0.5, 1.25 ] },
                "south": { "texture": "#1", "uv": [ 0.0, 0.0, 0.25, 1.25 ] },
                "west": { "texture": "#4", "uv": [ 12.0, 11.0, 13.0, 13.0 ] }
            }
        },
        {
            "name": "Extractor",
            "from": [ 3.7, 7.0, 7.2 ], 
            "to": [ 6.800000000000001, 8.2, 8.8 ], 
            "faces": {
                "north": { "texture": "#2", "uv": [ 10.0, 10.0, 16.0, 11.0 ], "rotation": 90 },
                "south": { "texture": "#2", "uv": [ 10.0, 10.0, 16.0, 11.0 ], "rotation": 90 },
                "up": { "texture": "#3", "uv": [ 1.0, 6.0, 10.0, 7.0 ], "rotation": 90 }
            }
        },
        {
            "name": "BoltLeverKnob",
            "from": [ -1.1, 6.2, 9.4 ], 
            "to": [ -0.6000000000000001, 6.7, 9.9 ], 
            "rotation": { "origin": [ 8.0, 7.0, 10.0 ], "axis": "x", "angle": -45.0 },
            "faces": {
                "north": { "texture": "#2", "uv": [ 5.0, 11.0, 6.0, 12.0 ] },
                "east": { "texture": "#2", "uv": [ 0.0, 0.0, 0.5, 0.5 ] },
                "south": { "texture": "#2", "uv": [ 10.0, 10.0, 12.0, 12.0 ] },
                "west": { "texture": "#2", "uv": [ 10.0, 10.0, 12.0, 12.0 ], "rotation": 90 },
                "up": { "texture": "#2", "uv": [ 0.0, 2.0, 1.0, 3.0 ] },
                "down": { "texture": "#2", "uv": [ 8.0, 9.0, 9.0, 10.0 ] }
            }
        },
        {
            "name": "BipodRight",
            "from": [ 9.0, 5.7, 8.5 ], 
            "to": [ 14.75, 6.0, 8.8 ], 
            "faces": {
                "north": { "texture": "#2", "uv": [ 11.0, 10.0, 12.0, 11.0 ] },
                "east": { "texture": "#2", "uv": [ 0.0, 0.0, 0.25, 0.25 ] },
                "south": { "texture": "#2", "uv": [ 9.0, 10.0, 10.0, 11.0 ] },
                "west": { "texture": "#2", "uv": [ 10.0, 10.0, 11.0, 11.0 ] },
                "up": { "texture": "#2", "uv": [ 11.0, 5.0, 12.0, 6.0 ] },
                "down": { "texture": "#2", "uv": [ 8.0, 9.0, 9.0, 10.0 ] }
            }
        },
        {
            "name": "BipodLeft",
            "from": [ 9.0, 5.7, 7.1 ], 
            "to": [ 14.75, 6.0, 7.3999999999999995 ], 
            "faces": {
                "north": { "texture": "#2", "uv": [ 11.0, 10.0, 12.0, 11.0 ] },
                "east": { "texture": "#2", "uv": [ 0.0, 0.0, 0.25, 0.25 ] },
                "south": { "texture": "#2", "uv": [ 9.0, 10.0, 10.0, 11.0 ] },
                "west": { "texture": "#2", "uv": [ 10.0, 10.0, 11.0, 11.0 ] },
                "up": { "texture": "#2", "uv": [ 11.0, 5.0, 12.0, 6.0 ] },
                "down": { "texture": "#2", "uv": [ 8.0, 9.0, 9.0, 10.0 ] }
            }
        },
        {
            "name": "BipodFootRight",
            "from": [ 14.75, 5.1, 8.6 ], 
            "to": [ 15.0, 6.1, 9.1 ], 
            "faces": {
                "north": { "texture": "#2", "uv": [ 11.0, 10.0, 12.0, 11.0 ] },
                "east": { "texture": "#2", "uv": [ 0.0, 0.0, 0.5, 1.0 ] },
                "south": { "texture": "#2", "uv": [ 9.0, 10.0, 10.0, 11.0 ] },
                "west": { "texture": "#2", "uv": [ 10.0, 10.0, 11.0, 11.0 ] },
                "up": { "texture": "#2", "uv": [ 11.0, 5.0, 12.0, 6.0 ] },
                "down": { "texture": "#2", "uv": [ 8.0, 9.0, 9.0, 10.0 ] }
            }
        },
        {
            "name": "BipodFootLeft",
            "from": [ 14.75, 5.1, 6.9 ], 
            "to": [ 15.0, 6.1, 7.4 ], 
            "faces": {
                "north": { "texture": "#2", "uv": [ 11.0, 10.0, 12.0, 11.0 ] },
                "east": { "texture": "#2", "uv": [ 0.0, 0.0, 0.5, 1.0 ] },
                "south": { "texture": "#2", "uv": [ 9.0, 10.0, 10.0, 11.0 ] },
                "west": { "texture": "#2", "uv": [ 10.0, 10.0, 11.0, 11.0 ] },
                "up": { "texture": "#2", "uv": [ 11.0, 5.0, 12.0, 6.0 ] },
                "down": { "texture": "#2", "uv": [ 8.0, 9.0, 9.0, 10.0 ] }
            }
        },
        {
            "name": "Element",
            "from": [ 1.25, 10.75, 7.25 ], 
            "to": [ 7.25, 11.0, 8.75 ], 
            "faces": {
                "east": { "texture": "#2", "uv": [ 0.0, 0.0, 1.5, 0.25 ] },
                "west": { "texture": "#2", "uv": [ 10.0, 10.0, 11.0, 11.0 ] },
                "down": { "texture": "#2", "uv": [ 8.0, 9.0, 9.0, 10.0 ] }
            }
        },
        {
            "name": "Element",
            "from": [ 1.25, 9.0, 8.75 ], 
            "to": [ 7.25, 11.0, 9.0 ], 
            "faces": {
                "north": { "texture": "#2", "uv": [ 11.0, 10.0, 12.0, 11.0 ] },
                "east": { "texture": "#2", "uv": [ 0.0, 0.0, 0.25, 2.0 ] },
                "west": { "texture": "#2", "uv": [ 10.0, 10.0, 11.0, 11.0 ] }
            }
        },
        {
            "name": "Element",
            "from": [ 1.25, 9.0, 7.0 ], 
            "to": [ 7.25, 11.0, 9.0 ], 
            "faces": {
                "north": { "texture": "#2", "uv": [ 10.0, 10.0, 16.0, 11.0 ], "rotation": 90 },
                "south": { "texture": "#2", "uv": [ 10.0, 10.0, 16.0, 11.0 ], "rotation": 90 },
                "up": { "texture": "#1", "uv": [ 7.0, 10.0, 16.0, 11.0 ], "rotation": 90 },
                "down": { "texture": "#2", "uv": [ 7.0, 3.0, 8.0, 4.0 ] }
            }
        },
        {
            "name": "Element",
            "from": [ 1.25, 9.0, 7.0 ], 
            "to": [ 7.25, 11.0, 7.25 ], 
            "faces": {
                "east": { "texture": "#2", "uv": [ 0.0, 0.0, 0.25, 2.0 ] },
                "south": { "texture": "#2", "uv": [ 9.0, 10.0, 10.0, 11.0 ] },
                "west": { "texture": "#2", "uv": [ 10.0, 10.0, 11.0, 11.0 ] }
            }
        },
        {
            "name": "Element",
            "from": [ 1.25, 9.0, 7.25 ], 
            "to": [ 7.25, 9.25, 8.75 ], 
            "faces": {
                "east": { "texture": "#2", "uv": [ 0.0, 0.0, 1.5, 0.25 ] },
                "west": { "texture": "#2", "uv": [ 10.0, 10.0, 11.0, 11.0 ] },
                "up": { "texture": "#2", "uv": [ 11.0, 5.0, 12.0, 6.0 ] }
            }
        },
        {
            "name": "ScopeOuterFront",
            "from": [ -3.5, 9.2, 7.2 ], 
            "to": [ 1.25, 10.799999999999999, 8.8 ], 
            "faces": {
                "north": { "texture": "#2", "uv": [ 10.0, 10.0, 16.0, 11.0 ], "rotation": 90 },
                "south": { "texture": "#2", "uv": [ 10.0, 10.0, 16.0, 11.0 ], "rotation": 90 },
                "up": { "texture": "#1", "uv": [ 8.0, 10.0, 15.0, 11.0 ], "rotation": 90 },
                "down": { "texture": "#2", "uv": [ 8.0, 9.0, 8.75, 10.5 ] }
            }
        },
        {
            "name": "Element",
            "from": [ -3.5, 10.6, 7.2 ], 
            "to": [ 1.2999999999999998, 10.799999999999999, 8.8 ], 
            "faces": {
                "east": { "texture": "#2", "uv": [ 0.0, 0.0, 1.5, 0.25 ] },
                "west": { "texture": "#2", "uv": [ 10.0, 10.0, 11.0, 11.0 ] },
                "down": { "texture": "#2", "uv": [ 8.0, 9.0, 9.0, 10.0 ] }
            }
        },
        {
            "name": "Element",
            "from": [ -3.5, 9.2, 7.2 ], 
            "to": [ 1.2999999999999998, 9.399999999999999, 8.8 ], 
            "faces": {
                "east": { "texture": "#2", "uv": [ 0.0, 0.0, 1.5, 0.25 ] },
                "west": { "texture": "#2", "uv": [ 10.0, 10.0, 11.0, 11.0 ] },
                "up": { "texture": "#2", "uv": [ 11.0, 5.0, 12.0, 6.0 ] }
            }
        },
        {
            "name": "Element",
            "from": [ -3.5, 9.4, 7.2 ], 
            "to": [ 1.2999999999999998, 10.6, 7.4 ], 
            "faces": {
                "east": { "texture": "#2", "uv": [ 0.0, 0.0, 0.25, 1.0 ] },
                "south": { "texture": "#2", "uv": [ 9.0, 10.0, 10.0, 11.0 ] },
                "west": { "texture": "#2", "uv": [ 10.0, 10.0, 11.0, 11.0 ] }
            }
        },
        {
            "name": "Element",
            "from": [ -3.5, 9.4, 8.6 ], 
            "to": [ 1.2999999999999998, 10.6, 8.799999999999999 ], 
            "faces": {
                "north": { "texture": "#2", "uv": [ 11.0, 10.0, 12.0, 11.0 ] },
                "east": { "texture": "#2", "uv": [ 0.0, 0.0, 0.25, 1.0 ] },
                "west": { "texture": "#2", "uv": [ 10.0, 10.0, 11.0, 11.0 ] }
            }
        },
        {
            "name": "Brace2",
            "from": [ -0.5, 8.5, 7.3 ], 
            "to": [ 0.0, 9.3, 8.7 ], 
            "faces": {
                "north": { "texture": "#2", "uv": [ 11.0, 10.0, 12.0, 11.0 ] },
                "east": { "texture": "#2", "uv": [ 0.0, 0.0, 0.5, 0.5 ] },
                "south": { "texture": "#2", "uv": [ 9.0, 10.0, 10.0, 11.0 ] },
                "west": { "texture": "#2", "uv": [ 10.0, 10.0, 11.0, 11.0 ] },
                "up": { "texture": "#2", "uv": [ 11.0, 5.0, 12.0, 6.0 ] },
                "down": { "texture": "#2", "uv": [ 8.0, 9.0, 9.0, 10.0 ] }
            }
        },
        {
            "name": "Brace1",
            "from": [ 2.25, 8.5, 7.3 ], 
            "to": [ 2.75, 9.0, 8.7 ], 
            "faces": {
                "north": { "texture": "#2", "uv": [ 11.0, 10.0, 12.0, 11.0 ] },
                "east": { "texture": "#2", "uv": [ 0.0, 0.0, 0.5, 0.5 ] },
                "south": { "texture": "#2", "uv": [ 9.0, 10.0, 10.0, 11.0 ] },
                "west": { "texture": "#2", "uv": [ 10.0, 10.0, 11.0, 11.0 ] },
                "up": { "texture": "#2", "uv": [ 11.0, 5.0, 12.0, 6.0 ] },
                "down": { "texture": "#2", "uv": [ 8.0, 9.0, 9.0, 10.0 ] }
            }
        },
        {
            "name": "Dot",
            "from": [ 7.300000000000001, 9.85, 7.9 ], 
            "to": [ 7.550000000000001, 10.049999999999999, 8.1 ], 
            "faces": {
                "west": { "texture": "#7", "uv": [ 0.0, 0.0, 16.0, 16.0 ] }
            }
        },
        {
            "name": "Lens",
            "from": [ 6.800000000000001, 9.2, 7.2 ], 
            "to": [ 7.050000000000001, 10.799999999999999, 8.8 ], 
            "faces": {
                "east": { "texture": "#8", "uv": [ 0.0, 0.0, 16.0, 16.0 ] }
            }
        },
        {
            "name": "StockCusion",
            "from": [ -10.5, 4.8, 7.0 ], 
            "to": [ -5.7, 6.9, 9.0 ], 
            "faces": {
                "north": { "texture": "#3", "uv": [ 0.0, 0.0, 16.0, 16.0 ] },
                "east": { "texture": "#3", "uv": [ 0.0, 0.0, 2.0, 2.0 ] },
                "south": { "texture": "#3", "uv": [ 0.0, 0.0, 16.0, 16.0 ] },
                "west": { "texture": "#3", "uv": [ 0.0, 0.0, 2.0, 2.0999999999999996 ] },
                "up": { "texture": "#3", "uv": [ 0.0, 0.0, 16.0, 8.0 ] },
                "down": { "texture": "#3", "uv": [ 9.25, 7.0, 12.0, 8.0 ] }
            }
        },
        {
            "name": "BoltLever",
            "from": [ -1.0, 6.5, 9.5 ], 
            "to": [ -0.7, 8.5, 9.8 ], 
            "rotation": { "origin": [ 8.0, 7.0, 10.0 ], "axis": "x", "angle": -45.0 },
            "faces": {
                "north": { "texture": "#2", "uv": [ 5.0, 12.0, 6.0, 13.0 ] },
                "east": { "texture": "#2", "uv": [ 7.0, 4.0, 8.0, 6.0 ], "rotation": 270 },
                "south": { "texture": "#1", "uv": [ 0.0, 11.0, 2.0, 12.0 ] },
                "west": { "texture": "#2", "uv": [ 7.0, 4.0, 8.0, 6.0 ], "rotation": 90 }
            }
        },
        {
            "name": "ForegripLower",
            "from": [ 8.0, 5.5, 7.4 ], 
            "to": [ 17.2, 6.5, 8.6 ], 
            "faces": {
                "north": { "texture": "#0", "uv": [ 3.8, 1.0, 6.0, 3.0 ], "rotation": 180 },
                "east": { "texture": "#0", "uv": [ 5.0, 1.0, 6.0, 2.0 ] },
                "south": { "texture": "#0", "uv": [ 3.8, 1.0, 6.0, 3.0 ] },
                "up": { "texture": "#0", "uv": [ 7.0, 9.0, 9.5, 10.5 ] },
                "down": { "texture": "#0", "uv": [ 8.0, 1.0, 9.5, 3.0 ] }
            }
        },
        {
            "name": "RingTing",
            "from": [ 17.0, 5.0, 7.6 ], 
            "to": [ 17.25, 5.6, 8.4 ], 
            "faces": {
                "north": { "texture": "#2", "uv": [ 11.0, 10.0, 12.0, 11.0 ] },
                "east": { "texture": "#4", "uv": [ 5.0, 5.0, 8.0, 7.0 ] },
                "south": { "texture": "#2", "uv": [ 9.0, 10.0, 10.0, 11.0 ] },
                "west": { "texture": "#4", "uv": [ 8.0, 8.0, 10.0, 10.0 ], "rotation": 180 },
                "up": { "texture": "#2", "uv": [ 11.0, 5.0, 12.0, 6.0 ] },
                "down": { "texture": "#2", "uv": [ 8.0, 9.0, 9.0, 10.0 ] }
            }
        },
        {
            "name": "RearSight",
            "from": [ 26.7, 7.7, 7.9 ], 
            "to": [ 27.95, 8.9, 8.1 ], 
            "rotation": { "origin": [ 28.0, 8.0, 8.0 ], "axis": "z", "angle": 22.5 },
            "faces": {
                "north": { "texture": "#2", "uv": [ 11.0, 10.0, 12.0, 11.0 ] },
                "east": { "texture": "#2", "uv": [ 0.0, 0.0, 0.5, 1.0 ] },
                "south": { "texture": "#2", "uv": [ 9.0, 10.0, 10.0, 11.0 ] },
                "west": { "texture": "#2", "uv": [ 10.0, 10.0, 11.0, 11.0 ] },
                "up": { "texture": "#1", "uv": [ 11.0, 4.0, 12.0, 5.0 ] },
                "down": { "texture": "#2", "uv": [ 8.0, 9.0, 9.0, 10.0 ] }
            }
        },
        {
            "name": "FrontLeft",
            "from": [ 12.0, 8.1, 7.6 ], 
            "to": [ 13.0, 8.6, 7.8 ], 
            "faces": {
                "north": { "texture": "#2", "uv": [ 11.0, 10.0, 12.0, 11.0 ] },
                "east": { "texture": "#2", "uv": [ 0.0, 0.0, 0.5, 1.0 ] },
                "south": { "texture": "#2", "uv": [ 9.0, 10.0, 10.0, 11.0 ] },
                "west": { "texture": "#2", "uv": [ 10.0, 10.0, 11.0, 11.0 ] },
                "up": { "texture": "#1", "uv": [ 11.0, 5.0, 12.0, 6.0 ] },
                "down": { "texture": "#2", "uv": [ 8.0, 9.0, 9.0, 10.0 ] }
            }
        },
        {
            "name": "FrontRight",
            "from": [ 12.0, 8.1, 8.2 ], 
            "to": [ 13.0, 8.6, 8.399999999999999 ], 
            "faces": {
                "north": { "texture": "#2", "uv": [ 11.0, 10.0, 12.0, 11.0 ] },
                "east": { "texture": "#2", "uv": [ 0.0, 0.0, 0.5, 1.0 ] },
                "south": { "texture": "#2", "uv": [ 9.0, 10.0, 10.0, 11.0 ] },
                "west": { "texture": "#2", "uv": [ 10.0, 10.0, 11.0, 11.0 ] },
                "up": { "texture": "#1", "uv": [ 11.0, 5.0, 12.0, 6.0 ] },
                "down": { "texture": "#2", "uv": [ 8.0, 9.0, 9.0, 10.0 ] }
            }
        }
    ],
	"display": {
        "thirdperson_righthand": {
           "rotation": [ 0, 110, 15 ],
           "translation": [ -1.2, 3.2, -2.8 ],
           "scale": [ 0.6, 0.6, 0.6 ]
        },
        "thirdperson_lefthand": {
           "rotation": [ 0, -90, 190 ],
           "translation": [ -2.0, -6.5, 7.0 ],
           "scale": [ 0.6, 0.6, 0.6 ]
        },
        "firstperson_righthand": {
           "rotation": [ 0, 80, 0 ],
           "translation": [ 2.0, 3.5, -2.5 ],
           "scale": [ 0.7, 0.7, 0.7 ]
        },
        "firstperson_lefthand": {
           "rotation": [ 0, 0, 0 ],
           "translation": [ 2.0, 3.0, -2.0 ],
           "scale": [ 0.0, 0.0, 0.0 ]
        },
        "ground": {
           "rotation": [ 0, 0, 0 ],
           "translation": [ 0, 2.4, 0 ],
           "scale": [ 0.6, 0.6, 0.6 ]
        },
        "gui": {
           "rotation": [ 0, 0, 45 ],
           "translation": [ 0, 1.2, 0 ],
           "scale": [ 0.6, 0.6, 0.6 ]
        }
	}
}