{
   "textures": {
        "0": "blocks/wool_colored_black",
        "1": "blocks/furnace_top",
        "2": "blocks/coal_block",
        "3": "blocks/anvil_base",
        "4": "blocks/coal_ore",
        "5": "blocks/stonebrick_carved",
        "6": "blocks/bedrock"
    },
    "elements": [
        {
            "name": "Grip",
            "from": [ 5.0, -0.5, 7.5 ], 
            "to": [ 7.5, 5.5, 8.5 ], 
            "rotation": { "origin": [ 8.0, 8.0, 8.0 ], "axis": "z", "angle": -22.5 },
            "faces": {
                "north": { "texture": "#0", "uv": [ 12.0, 0.0, 15.0, 16.0 ] },
                "east": { "texture": "#1", "uv": [ 15.0, 9.5, 16.0, 14.5 ] },
                "south": { "texture": "#2", "uv": [ 12.0, 0.0, 15.0, 16.0 ] },
                "west": { "texture": "#2", "uv": [ 7.0, 0.0, 10.0, 16.0 ] },
                "down": { "texture": "#2", "uv": [ 0.0, 0.0, 2.5, 1.0 ] }
            }
        },
        {
            "name": "GripBase",
            "from": [ 4.8, -1.0, 7.4 ], 
            "to": [ 7.8, -0.5, 8.6 ], 
            "rotation": { "origin": [ 8.0, 8.0, 8.0 ], "axis": "z", "angle": -22.5 },
            "faces": {
                "north": { "texture": "#2", "uv": [ 0.0, 0.0, 3.0, 0.5 ] },
                "east": { "texture": "#2", "uv": [ 0.0, 0.0, 1.2, 0.5 ] },
                "south": { "texture": "#2", "uv": [ 0.0, 0.0, 3.0, 0.5 ] },
                "west": { "texture": "#2", "uv": [ 0.0, 0.0, 1.2, 0.5 ] },
                "up": { "texture": "#2", "uv": [ 0.0, 0.0, 3.0, 1.2 ] },
                "down": { "texture": "#2", "uv": [ 0.0, 0.0, 3.0, 1.2 ] }
            }
        },
        {
            "name": "TriggerGuard",
            "from": [ 5.8, 4.0, 7.75 ], 
            "to": [ 8.5, 4.25, 8.25 ], 
            "faces": {
                "north": { "texture": "#3", "uv": [ 0.0, 0.0, 2.7, 0.25 ] },
                "east": { "texture": "#3", "uv": [ 0.0, 0.0, 0.5, 0.25 ] },
                "south": { "texture": "#3", "uv": [ 0.0, 0.0, 2.7, 0.25 ] },
                "up": { "texture": "#3", "uv": [ 0.0, 0.0, 2.7, 0.5 ] },
                "down": { "texture": "#3", "uv": [ 0.0, 0.0, 2.7, 0.5 ] }
            }
        },
        {
            "name": "Slide",
            "from": [ 2.5, 7.3, 8.5 ], 
            "to": [ 6.0, 7.8, 9.0 ], 
            "rotation": { "origin": [ 8.0, 8.0, 8.0 ], "axis": "x", "angle": -22.5 },
            "faces": {
                "east": { "texture": "#2", "uv": [ 0.0, 0.0, 0.5, 0.5 ] },
                "south": { "texture": "#1", "uv": [ 6.0, 14.0, 9.0, 16.0 ] },
                "west": { "texture": "#1", "uv": [ 0.0, 16.0, 2.0, 14.0 ], "rotation": 270 },
                "up": { "texture": "#2", "uv": [ 7.0, 4.0, 8.0, 5.0 ] },
                "down": { "texture": "#2", "uv": [ 8.0, 9.0, 9.0, 10.0 ] }
            }
        },
        {
            "name": "MainBody",
            "from": [ 2.8, 5.5, 7.2 ], 
            "to": [ 12.3, 8.25, 8.8 ], 
            "faces": {
                "north": { "texture": "#0", "uv": [ 10.0, 4.0, 12.0, 12.0 ], "rotation": 180 },
                "east": { "texture": "#2", "uv": [ 14.25, 12.75, 15.75, 15.5 ] },
                "south": { "texture": "#0", "uv": [ 10.0, 3.0, 12.0, 12.0 ], "rotation": 180 },
                "west": { "texture": "#2", "uv": [ 14.0, 12.0, 16.0, 16.0 ] },
                "up": { "texture": "#0", "uv": [ 2.0, 7.0, 8.0, 8.0 ], "rotation": 90 },
                "down": { "texture": "#2", "uv": [ 10.0, 15.0, 16.0, 16.0 ] }
            }
        },
        {
            "name": "Stock1",
            "from": [ -1.9, 6.0, 7.3 ], 
            "to": [ 2.8000000000000003, 8.25, 8.7 ], 
            "faces": {
                "north": { "texture": "#2", "uv": [ 10.0, 10.0, 16.0, 11.0 ], "rotation": 90 },
                "south": { "texture": "#2", "uv": [ 10.0, 10.0, 16.0, 11.0 ], "rotation": 90 },
                "up": { "texture": "#2", "uv": [ 9.0, 3.0, 16.0, 4.0 ], "rotation": 90 },
                "down": { "texture": "#2", "uv": [ 9.25, 7.0, 12.0, 8.0 ] }
            }
        },
        {
            "name": "DustCover",
            "from": [ 8.5, 6.75, 8.0 ], 
            "to": [ 11.5, 7.25, 9.0 ], 
            "faces": {
                "north": { "texture": "#3", "uv": [ 10.0, 8.0, 13.0, 9.0 ] },
                "east": { "texture": "#3", "uv": [ 0.0, 0.0, 1.0, 0.5 ] },
                "south": { "texture": "#3", "uv": [ 5.0, 10.0, 15.0, 11.0 ] },
                "west": { "texture": "#3", "uv": [ 0.0, 0.0, 1.0, 0.5 ] },
                "up": { "texture": "#3", "uv": [ 11.0, 5.0, 14.0, 6.0 ] }
            }
        },
        {
            "name": "FrontThread",
            "from": [ 12.25, 6.0, 7.25 ], 
            "to": [ 13.05, 7.75, 8.75 ], 
            "faces": {
                "north": { "texture": "#0", "uv": [ 2.0, 6.0, 4.0, 16.0 ], "rotation": 90 },
                "south": { "texture": "#0", "uv": [ 2.0, 5.0, 4.0, 15.0 ], "rotation": 90 },
                "up": { "texture": "#0", "uv": [ 12.0, 0.0, 14.0, 10.0 ], "rotation": 90 },
                "down": { "texture": "#0", "uv": [ 14.0, 1.0, 16.0, 11.0 ], "rotation": 90 }
            }
        },
        {
            "name": "MuzzleBreak",
            "from": [ 30.8, 6.5, 7.5 ], 
            "to": [ 32.0, 7.5, 8.5 ], 
            "faces": {
                "north": { "texture": "#4", "uv": [ 5.0, 2.0, 7.0, 10.0 ] },
                "east": { "texture": "#4", "uv": [ 9.0, 4.0, 13.0, 8.0 ] },
                "south": { "texture": "#4", "uv": [ 5.0, 2.0, 7.0, 10.0 ] },
                "west": { "texture": "#3", "uv": [ 0.0, 0.0, 1.2, 1.2 ] },
                "up": { "texture": "#4", "uv": [ 11.0, 8.0, 13.0, 16.0 ] },
                "down": { "texture": "#4", "uv": [ 11.0, 8.0, 13.0, 16.0 ] }
            }
        },
        {
            "name": "Trigger",
            "from": [ 7.0, 4.5, 7.75 ], 
            "to": [ 7.25, 5.6, 8.25 ], 
            "rotation": { "origin": [ 7.0, 4.5, 7.8 ], "axis": "z", "angle": 22.5 },
            "faces": {
                "north": { "texture": "#2", "uv": [ 0.0, 0.0, 0.25, 1.0 ] },
                "east": { "texture": "#2", "uv": [ 0.0, 0.0, 0.5, 1.0 ] },
                "south": { "texture": "#2", "uv": [ 15.0, 15.0, 16.0, 16.0 ] },
                "west": { "texture": "#2", "uv": [ 0.0, 0.0, 0.5, 1.0 ] },
                "down": { "texture": "#2", "uv": [ 0.0, 0.0, 0.25, 0.5 ] }
            }
        },
        {
            "name": "Ejector",
            "from": [ 8.25, 6.5, 7.9 ], 
            "to": [ 11.75, 7.5, 8.9 ], 
            "faces": {
                "east": { "texture": "#2", "uv": [ 0.0, 0.0, 1.0, 1.0 ] },
                "south": { "texture": "#1", "uv": [ 10.75, 15.0, 16.0, 16.0 ] },
                "west": { "texture": "#2", "uv": [ 0.0, 0.0, 1.0, 1.0 ] },
                "up": { "texture": "#3", "uv": [ 11.0, 5.0, 14.0, 6.0 ] }
            }
        },
        {
            "name": "Extractor",
            "from": [ 7.5, 7.0, 8.75 ], 
            "to": [ 8.25, 7.7, 9.25 ], 
            "faces": {
                "east": { "texture": "#2", "uv": [ 0.0, 0.0, 0.5, 0.5 ] },
                "south": { "texture": "#2", "uv": [ 10.0, 10.0, 13.0, 14.0 ] },
                "west": { "texture": "#2", "uv": [ 10.0, 10.0, 14.0, 11.0 ], "rotation": 90 },
                "up": { "texture": "#2", "uv": [ 10.0, 10.0, 13.0, 11.0 ] },
                "down": { "texture": "#2", "uv": [ 8.0, 9.0, 9.0, 10.0 ] }
            }
        },
        {
            "name": "Mag1",
            "from": [ 8.5, 2.3, 7.5 ], 
            "to": [ 12.0, 4.5, 8.5 ], 
            "faces": {
                "north": { "texture": "#1", "uv": [ 2.0, 9.0, 12.0, 10.0 ] },
                "east": { "texture": "#5", "uv": [ 14.0, 6.5, 16.0, 11.5 ] },
                "south": { "texture": "#1", "uv": [ 2.0, 9.0, 12.0, 10.0 ], "rotation": 180 },
                "west": { "texture": "#5", "uv": [ 14.0, 13.0, 16.0, 16.0 ], "rotation": 180 },
                "down": { "texture": "#5", "uv": [ 0.0, 0.0, 3.5, 1.0 ] }
            }
        },
        {
            "name": "Mag2",
            "from": [ 6.3, -1.7, 7.501 ], 
            "to": [ 9.55, 2.5999999999999996, 8.499 ], 
            "rotation": { "origin": [ 8.0, 8.0, 8.0 ], "axis": "z", "angle": 22.5 },
            "faces": {
                "north": { "texture": "#1", "uv": [ 2.0, 9.0, 12.0, 10.0 ] },
                "east": { "texture": "#5", "uv": [ 14.0, 11.0, 16.0, 15.5 ] },
                "south": { "texture": "#1", "uv": [ 2.0, 9.0, 12.0, 10.0 ], "rotation": 180 },
                "west": { "texture": "#5", "uv": [ 7.0, 14.0, 9.0, 16.0 ], "rotation": 90 },
                "up": { "texture": "#5", "uv": [ 0.0, 0.0, 3.25, 1.0 ] },
                "down": { "texture": "#5", "uv": [ 5.0, 15.0, 8.25, 16.0 ] }
            }
        },
        {
            "name": "MagWell",
            "from": [ 8.25, 4.0, 7.2 ], 
            "to": [ 12.25, 5.5, 8.8 ], 
            "faces": {
                "north": { "texture": "#2", "uv": [ 8.0, 12.0, 16.0, 16.0 ] },
                "east": { "texture": "#1", "uv": [ 15.0, 12.25, 16.0, 14.5 ] },
                "south": { "texture": "#2", "uv": [ 8.0, 12.0, 16.0, 16.0 ] },
                "west": { "texture": "#2", "uv": [ 10.0, 9.0, 16.0, 16.0 ] },
                "down": { "texture": "#2", "uv": [ 0.0, 0.0, 4.0, 1.5 ] }
            }
        },
        {
            "name": "BodyLeft",
            "from": [ 3.5, 6.6, 7.0 ], 
            "to": [ 12.25, 7.6, 8.5 ], 
            "faces": {
                "north": { "texture": "#2", "uv": [ 3.5, 13.5, 5.0, 16.0 ] },
                "east": { "texture": "#2", "uv": [ 14.25, 12.75, 15.75, 15.5 ] },
                "west": { "texture": "#2", "uv": [ 14.0, 12.0, 16.0, 16.0 ] },
                "up": { "texture": "#2", "uv": [ 6.5, 14.0, 16.0, 16.0 ] },
                "down": { "texture": "#2", "uv": [ 10.0, 15.0, 16.0, 16.0 ] }
            }
        },
        {
            "name": "ForeGripLR",
            "from": [ 13.0, 5.9, 6.7 ], 
            "to": [ 24.1, 7.9, 9.3 ], 
            "faces": {
                "north": { "texture": "#0", "uv": [ 8.0, 0.0, 10.0, 16.0 ], "rotation": 90 },
                "east": { "texture": "#2", "uv": [ 14.25, 12.75, 15.75, 15.5 ] },
                "south": { "texture": "#0", "uv": [ 8.0, 0.0, 10.0, 16.0 ], "rotation": 90 },
                "west": { "texture": "#2", "uv": [ 11.0, 10.0, 12.0, 11.0 ] },
                "up": { "texture": "#0", "uv": [ 12.0, 0.0, 14.0, 16.0 ], "rotation": 90 },
                "down": { "texture": "#0", "uv": [ 12.0, 0.0, 14.0, 16.0 ], "rotation": 90 }
            }
        },
        {
            "name": "ForeGripUD",
            "from": [ 13.0, 5.6, 7.0 ], 
            "to": [ 24.0, 8.2, 9.0 ], 
            "faces": {
                "north": { "texture": "#1", "uv": [ 1.0, 0.0, 15.0, 16.0 ] },
                "east": { "texture": "#6", "uv": [ 3.0, 0.0, 4.0, 16.0 ] },
                "south": { "texture": "#1", "uv": [ 1.0, 0.0, 15.0, 16.0 ] },
                "west": { "texture": "#2", "uv": [ 11.0, 10.0, 12.0, 11.0 ] },
                "up": { "texture": "#0", "uv": [ 14.0, 0.0, 12.0, 16.0 ], "rotation": 90 },
                "down": { "texture": "#0", "uv": [ 12.0, 16.0, 14.0, 0.0 ], "rotation": 270 }
            }
        },
        {
            "name": "Barrel",
            "from": [ 24.0, 6.6, 7.6 ], 
            "to": [ 30.8, 7.3999999999999995, 8.4 ], 
            "faces": {
                "north": { "texture": "#2", "uv": [ 10.0, 10.0, 16.0, 11.0 ], "rotation": 90 },
                "south": { "texture": "#2", "uv": [ 10.0, 10.0, 16.0, 11.0 ], "rotation": 90 },
                "up": { "texture": "#3", "uv": [ 8.0, 10.0, 15.0, 11.0 ], "rotation": 90 },
                "down": { "texture": "#2", "uv": [ 6.0, 0.25, 7.0, 2.0 ], "rotation": 90 }
            }
        },
        {
            "name": "RearSight",
            "from": [ 20.0, 18.0, 7.75 ], 
            "to": [ 20.5, 21.0, 8.25 ], 
            "rotation": { "origin": [ 9.0, 8.0, 8.0 ], "axis": "z", "angle": -45.0 },
            "faces": {
                "north": { "texture": "#2", "uv": [ 11.0, 10.0, 12.0, 11.0 ] },
                "east": { "texture": "#2", "uv": [ 0.0, 0.0, 0.5, 3.0 ] },
                "south": { "texture": "#2", "uv": [ 9.0, 10.0, 10.0, 11.0 ] },
                "west": { "texture": "#2", "uv": [ 9.0, 8.0, 10.0, 12.0 ], "rotation": 180 },
                "up": { "texture": "#2", "uv": [ 11.0, 5.0, 12.0, 6.0 ] },
                "down": { "texture": "#2", "uv": [ 8.0, 9.0, 9.0, 10.0 ] }
            }
        },
        {
            "name": "Stock2",
            "from": [ -2.5, 8.5, 7.3005 ], 
            "to": [ 2.0, 10.7, 8.6995 ], 
            "rotation": { "origin": [ 8.0, 8.0, 8.0 ], "axis": "z", "angle": 22.5 },
            "faces": {
                "north": { "texture": "#2", "uv": [ 3.0, 8.0, 4.0, 11.0 ] },
                "south": { "texture": "#2", "uv": [ 9.0, 7.0, 10.0, 10.0 ] },
                "down": { "texture": "#2", "uv": [ 9.25, 7.0, 12.0, 8.0 ] }
            }
        },
        {
            "name": "Stock3",
            "from": [ -7.0, 4.3, 7.25 ], 
            "to": [ -1.9000000000000004, 8.3, 8.75 ], 
            "faces": {
                "north": { "texture": "#2", "uv": [ 10.0, 10.0, 16.0, 11.0 ], "rotation": 90 },
                "east": { "texture": "#2", "uv": [ 0.0, 0.0, 1.5, 4.0 ] },
                "south": { "texture": "#2", "uv": [ 10.0, 10.0, 16.0, 11.0 ], "rotation": 90 },
                "west": { "texture": "#2", "uv": [ 9.0, 7.0, 11.0, 10.0 ] },
                "up": { "texture": "#2", "uv": [ 2.0, 7.0, 13.0, 8.0 ], "rotation": 90 },
                "down": { "texture": "#2", "uv": [ 9.25, 7.0, 12.0, 8.0 ] }
            }
        },
        {
            "name": "FrontSightFL",
            "from": [ 3.5, 8.25, 7.25 ], 
            "to": [ 5.5, 10.25, 7.55 ], 
            "faces": {
                "north": { "texture": "#2", "uv": [ 10.0, 10.0, 16.0, 16.0 ] },
                "east": { "texture": "#2", "uv": [ 14.25, 12.75, 15.75, 15.5 ] },
                "south": { "texture": "#2", "uv": [ 12.25, 13.25, 16.0, 16.0 ] },
                "west": { "texture": "#2", "uv": [ 14.0, 12.0, 16.0, 16.0 ] },
                "up": { "texture": "#2", "uv": [ 12.5, 14.25, 16.0, 16.0 ] },
                "down": { "texture": "#2", "uv": [ 10.0, 15.0, 16.0, 16.0 ] }
            }
        },
        {
            "name": "FrontSightTop",
            "from": [ 5.5, 9.5, 7.25 ], 
            "to": [ 11.25, 10.0, 8.75 ], 
            "faces": {
                "north": { "texture": "#2", "uv": [ 3.5, 13.5, 16.0, 16.0 ] },
                "east": { "texture": "#2", "uv": [ 14.25, 12.75, 15.75, 15.5 ] },
                "south": { "texture": "#2", "uv": [ 2.75, 12.75, 16.0, 16.0 ] },
                "west": { "texture": "#2", "uv": [ 14.0, 12.0, 16.0, 16.0 ] },
                "up": { "texture": "#2", "uv": [ 10.0, 9.0, 13.0, 12.0 ] },
                "down": { "texture": "#2", "uv": [ 10.0, 15.0, 16.0, 16.0 ] }
            }
        },
        {
            "name": "FrontSightR",
            "from": [ 11.25, 8.25, 7.25 ], 
            "to": [ 11.75, 9.75, 8.75 ], 
            "faces": {
                "north": { "texture": "#2", "uv": [ 3.5, 13.5, 16.0, 16.0 ] },
                "east": { "texture": "#2", "uv": [ 14.25, 12.75, 15.75, 15.5 ] },
                "south": { "texture": "#2", "uv": [ 2.75, 12.75, 16.0, 16.0 ] },
                "west": { "texture": "#2", "uv": [ 14.0, 12.0, 16.0, 16.0 ] },
                "up": { "texture": "#2", "uv": [ 6.5, 14.0, 16.0, 16.0 ] },
                "down": { "texture": "#2", "uv": [ 10.0, 15.0, 16.0, 16.0 ] }
            }
        },
        {
            "name": "RearSightF",
            "from": [ 26.0, 7.0, 7.8 ], 
            "to": [ 26.5, 9.4, 8.2 ], 
            "faces": {
                "north": { "texture": "#2", "uv": [ 0.0, 0.0, 0.5, 2.4 ] },
                "east": { "texture": "#0", "uv": [ 3.0, 7.0, 3.4, 9.4 ] },
                "south": { "texture": "#2", "uv": [ 0.0, 0.0, 0.5, 2.4 ] },
                "west": { "texture": "#2", "uv": [ 0.0, 0.0, 0.4, 2.4 ] },
                "up": { "texture": "#5", "uv": [ 7.0, 7.0, 7.5, 7.4 ] }
            }
        },
        {
            "name": "FrontSightFL2",
            "from": [ 3.5, 8.25, 8.5 ], 
            "to": [ 5.5, 10.25, 8.8 ], 
            "faces": {
                "north": { "texture": "#2", "uv": [ 12.25, 13.5, 16.0, 16.0 ] },
                "east": { "texture": "#2", "uv": [ 14.25, 12.75, 15.75, 15.5 ] },
                "south": { "texture": "#2", "uv": [ 10.0, 10.0, 15.0, 15.0 ] },
                "west": { "texture": "#2", "uv": [ 14.0, 12.0, 16.0, 16.0 ] },
                "up": { "texture": "#2", "uv": [ 12.5, 14.25, 16.0, 16.0 ] },
                "down": { "texture": "#2", "uv": [ 10.0, 15.0, 16.0, 16.0 ] }
            }
        },
        {
            "name": "FrontSightFLMid",
            "from": [ 3.5, 8.25, 7.5 ], 
            "to": [ 5.5, 9.65, 8.5 ], 
            "faces": {
                "north": { "texture": "#2", "uv": [ 12.25, 13.5, 16.0, 16.0 ] },
                "east": { "texture": "#2", "uv": [ 14.25, 12.75, 15.75, 15.5 ] },
                "south": { "texture": "#2", "uv": [ 12.25, 13.25, 16.0, 16.0 ] },
                "west": { "texture": "#2", "uv": [ 10.0, 10.0, 16.0, 11.0 ], "rotation": 90 },
                "up": { "texture": "#2", "uv": [ 12.5, 14.25, 16.0, 16.0 ] },
                "down": { "texture": "#2", "uv": [ 10.0, 15.0, 16.0, 16.0 ] }
            }
        },
        {
            "name": "SlingRing",
            "from": [ 23.9, 5.0, 7.6 ], 
            "to": [ 24.099999999999998, 5.7, 8.4 ], 
            "faces": {
                "north": { "texture": "#2", "uv": [ 0.0, 0.0, 0.5, 2.4 ] },
                "east": { "texture": "#0", "uv": [ 3.0, 7.0, 3.4, 9.4 ] },
                "south": { "texture": "#2", "uv": [ 0.0, 0.0, 0.5, 2.4 ] },
                "west": { "texture": "#2", "uv": [ 0.0, 0.0, 0.4, 2.4 ] },
                "up": { "texture": "#5", "uv": [ 7.0, 7.0, 7.5, 7.4 ] }
            }
        }
    ],
    "display": {
        "thirdperson_righthand": {
           "rotation": [ 0, 100, 0 ],
           "translation": [ -0.5, 2.0, -0.5 ],
           "scale": [ 0.6, 0.6, 0.6 ]
        },
        "thirdperson_lefthand": {
           "rotation": [ 0, -90, 190 ],
           "translation": [ -2.0, -6.5, 7.0 ],
           "scale": [ 0.6, 0.6, 0.6 ]
        },
        "firstperson_righthand": {
           "rotation": [ 0, 80, 0 ],
           "translation": [ 2.0, 3.0, -2.0 ],
           "scale": [ 1.0, 1.0, 1.0 ]
        },
        "firstperson_lefthand": {
           "rotation": [ 0, 0, 0 ],
           "translation": [ 2.0, 3.0, -2.0 ],
           "scale": [ 0.0, 0.0, 0.0 ]
        },
        "ground": {
           "rotation": [ 0, 0, 0 ],
           "translation": [ 0, 3.5, 0 ],
           "scale": [ 0.6, 0.6, 0.6 ]
        },
        "gui": {
           "rotation": [ 0, 0, 45 ],
           "translation": [ -1.2, 0, 0 ],
           "scale": [ 0.7, 0.7, 0.7 ]
        }

    }
}