{
"ambientocclusion": false,
    "textures": {
        "0": "blocks/planks_birch",
        "1": "blocks/wool_colored_gray",
        "2": "blocks/sandstone_carved",
        "3": "blocks/stone_andesite_smooth",
        "4": "blocks/coal_ore",
        "5": "blocks/coal_block",
        "6": "blocks/glass",
        "7": "blocks/glass_pane_top_red"
    },
    "elements": [
        {
            "name": "Main Body",
            "from": [ -0.5, 7.4, 7.0 ], 
            "to": [ 11.5, 8.9, 8.0 ], 
            "rotation": { "origin": [ 8.0, 8.0, 8.0 ], "axis": "x", "angle": 22.5 },
            "faces": {
                "north": { "texture": "#0", "uv": [ 0.0, 0.0, 16.0, 2.5 ] },
                "east": { "texture": "#1", "uv": [ 0.0, 15.0, 2.0, 16.0 ] },
                "south": { "texture": "#1", "uv": [ 6.0, 13.0, 8.0, 12.0 ] },
                "west": { "texture": "#1", "uv": [ 0.0, 15.0, 1.0, 16.0 ] },
                "up": { "texture": "#2", "uv": [ 0.0, 10.0, 16.0, 9.0 ] },
                "down": { "texture": "#0", "uv": [ 0.0, 15.0, 16.0, 16.0 ] }
            }
        },
        {
            "name": "Barrel",
            "from": [ 10.5, 8.0, 7.6 ], 
            "to": [ 23.0, 8.8, 8.4 ], 
            "faces": {
                "north": { "texture": "#3", "uv": [ 10.0, 14.0, 16.0, 16.0 ] },
                "south": { "texture": "#3", "uv": [ 9.0, 14.0, 15.0, 16.0 ] },
                "up": { "texture": "#3", "uv": [ 0.0, 0.0, 6.0, 1.0 ] },
                "down": { "texture": "#1", "uv": [ 0.0, 0.0, 6.0, 2.0 ] }
            }
        },
        {
            "name": "FlashHider",
            "from": [ 23.0, 8.0, 7.3 ], 
            "to": [ 25.0, 8.8, 8.7 ], 
            "faces": {
                "north": { "texture": "#1", "uv": [ 0.0, 4.0, 2.0, 9.0 ], "rotation": 270 },
                "east": { "texture": "#4", "uv": [ 3.0, 9.0, 6.0, 12.0 ] },
                "south": { "texture": "#1", "uv": [ 4.0, 8.0, 6.0, 14.0 ], "rotation": 90 },
                "west": { "texture": "#1", "uv": [ 0.0, 0.0, 2.0, 1.0 ] },
                "up": { "texture": "#1", "uv": [ 2.0, 2.0, 4.0, 4.0 ] },
                "down": { "texture": "#1", "uv": [ 2.0, 2.0, 4.0, 4.0 ] }
            }
        },
        {
            "name": "Mag",
            "from": [ 7.0, 4.5, 7.6 ], 
            "to": [ 10.0, 6.5, 8.4 ], 
            "faces": {
                "north": { "texture": "#1", "uv": [ 0.0, 2.0, 1.0, 12.0 ], "rotation": 90 },
                "east": { "texture": "#1", "uv": [ 7.0, 8.0, 8.0, 12.0 ] },
                "south": { "texture": "#1", "uv": [ 0.0, 3.0, 1.0, 13.0 ], "rotation": 90 },
                "west": { "texture": "#1", "uv": [ 1.0, 5.0, 2.0, 8.0 ], "rotation": 90 },
                "down": { "texture": "#1", "uv": [ 0.0, 2.0, 4.0, 2.0 ] }
            }
        },
        {
            "name": "Grip",
            "from": [ 5.5, 4.0, 7.7 ], 
            "to": [ 6.5, 7.0, 8.3 ], 
            "rotation": { "origin": [ 6.8, 7.0, 8.4 ], "axis": "z", "angle": -22.5 },
            "faces": {
                "north": { "texture": "#1", "uv": [ 13.0, 8.0, 16.0, 16.0 ] },
                "east": { "texture": "#1", "uv": [ 13.0, 8.0, 14.0, 12.0 ] },
                "south": { "texture": "#1", "uv": [ 13.0, 8.0, 16.0, 16.0 ] },
                "west": { "texture": "#1", "uv": [ 13.0, 8.0, 14.0, 12.0 ] },
                "down": { "texture": "#1", "uv": [ 6.0, 10.0, 4.0, 9.0 ] }
            }
        },
        {
            "name": "BiLeft",
            "from": [ 15.0, 7.2, 7.65 ], 
            "to": [ 19.0, 7.5, 7.95 ], 
            "rotation": { "origin": [ 15.0, 6.7, 8.0 ], "axis": "y", "angle": 22.5 },
            "faces": {
                "north": { "texture": "#2", "uv": [ 2.0, 2.0, 16.0, 4.0 ], "rotation": 180 },
                "east": { "texture": "#1", "uv": [ 0.0, 0.0, 0.0, 0.0 ] },
                "south": { "texture": "#2", "uv": [ 2.0, 7.0, 16.0, 9.0 ] },
                "west": { "texture": "#1", "uv": [ 0.0, 0.0, 0.0, 0.0 ] },
                "up": { "texture": "#2", "uv": [ 2.0, 6.0, 16.0, 7.0 ] },
                "down": { "texture": "#2", "uv": [ 2.0, 2.0, 16.0, 3.0 ] }
            }
        },
        {
            "name": "BiRight",
            "from": [ 15.0, 7.2, 8.05 ], 
            "to": [ 19.0, 7.5, 8.35 ], 
            "rotation": { "origin": [ 15.0, 6.7, 8.0 ], "axis": "y", "angle": -22.5 },
            "faces": {
                "north": { "texture": "#2", "uv": [ 2.0, 2.0, 16.0, 4.0 ], "rotation": 180 },
                "east": { "texture": "#1", "uv": [ 0.0, 0.0, 0.0, 0.0 ] },
                "south": { "texture": "#2", "uv": [ 2.0, 3.0, 16.0, 5.0 ] },
                "west": { "texture": "#1", "uv": [ 0.0, 0.0, 0.0, 0.0 ] },
                "up": { "texture": "#2", "uv": [ 2.0, 1.0, 14.0, 3.0 ] },
                "down": { "texture": "#2", "uv": [ 2.0, 2.0, 16.0, 3.0 ] }
            }
        },
        {
            "name": "LittleStockBit",
            "from": [ -0.5, 6.8, 7.6 ], 
            "to": [ 0.5, 8.8, 8.4 ], 
            "faces": {
                "north": { "texture": "#3", "uv": [ 14.0, 6.0, 16.0, 9.0 ] },
                "east": { "texture": "#3", "uv": [ 14.0, 0.0, 15.0, 1.0 ] },
                "south": { "texture": "#3", "uv": [ 14.0, 7.0, 16.0, 10.0 ], "rotation": 180 },
                "west": { "texture": "#1", "uv": [ 0.0, 15.0, 1.0, 16.0 ] }
            }
        },
        {
            "name": "StockBottom",
            "from": [ -0.5, 6.1, 7.6 ], 
            "to": [ 3.0, 6.8, 8.4 ], 
            "faces": {
                "north": { "texture": "#3", "uv": [ 9.0, 14.0, 16.0, 16.0 ] },
                "east": { "texture": "#3", "uv": [ 15.0, 0.0, 16.0, 2.0 ] },
                "south": { "texture": "#3", "uv": [ 9.0, 16.0, 16.0, 14.0 ], "rotation": 180 },
                "west": { "texture": "#1", "uv": [ 0.0, 15.0, 1.0, 16.0 ] },
                "up": { "texture": "#3", "uv": [ 6.0, 0.0, 13.0, 1.0 ] },
                "down": { "texture": "#1", "uv": [ 12.0, 5.0, 8.0, 6.0 ] }
            }
        },
        {
            "name": "FrontLittleStockBit",
            "from": [ 2.0, 6.8, 7.6 ], 
            "to": [ 3.0, 8.8, 8.4 ], 
            "faces": {
                "north": { "texture": "#3", "uv": [ 3.0, 0.0, 5.0, 2.0 ] },
                "east": { "texture": "#3", "uv": [ 4.0, 1.0, 6.0, 2.0 ] },
                "south": { "texture": "#3", "uv": [ 7.0, 0.0, 9.0, 2.0 ] },
                "west": { "texture": "#3", "uv": [ 14.0, 14.0, 16.0, 16.0 ] }
            }
        },
        {
            "name": "ScopeFront",
            "from": [ 10.0, 9.3, 7.2 ], 
            "to": [ 13.0, 9.600000000000001, 8.8 ], 
            "faces": {
                "north": { "texture": "#5", "uv": [ 10.0, 10.0, 11.0, 11.0 ] },
                "east": { "texture": "#1", "uv": [ 0.0, 11.0, 1.0, 16.0 ], "rotation": 90 },
                "south": { "texture": "#5", "uv": [ 4.0, 6.0, 5.0, 7.0 ] },
                "west": { "texture": "#5", "uv": [ 12.0, 10.0, 11.0, 5.0 ] },
                "up": { "texture": "#5", "uv": [ 0.0, 10.0, 2.0, 12.0 ] },
                "down": { "texture": "#5", "uv": [ 14.0, 14.0, 16.0, 16.0 ] }
            }
        },
        {
            "name": "ScopeLid",
            "from": [ 5.0, 9.6, 8.5 ], 
            "to": [ 6.0, 10.6, 8.65 ], 
            "rotation": { "origin": [ 5.0, 9.6, 8.5 ], "axis": "y", "angle": -22.5 },
            "faces": {
                "north": { "texture": "#5", "uv": [ 0.0, 0.0, 5.0, 5.0 ] },
                "east": { "texture": "#1", "uv": [ 0.0, 0.0, 3.0, 0.0 ] },
                "south": { "texture": "#5", "uv": [ 10.0, 4.0, 13.0, 7.0 ] },
                "west": { "texture": "#4", "uv": [ 7.0, 2.0, 8.0, 8.0 ] },
                "up": { "texture": "#3", "uv": [ 0.0, 0.0, 3.0, 1.0 ] },
                "down": { "texture": "#1", "uv": [ 0.0, 0.0, 3.0, 0.0 ] }
            }
        },
        {
            "name": "ScopeBody",
            "from": [ 5.0, 9.6, 7.5 ], 
            "to": [ 10.0, 9.7, 8.5 ], 
            "faces": {
                "north": { "texture": "#1", "uv": [ 6.0, 13.0, 16.0, 16.0 ] },
                "east": { "texture": "#1", "uv": [ 0.0, 0.0, 1.0, 2.0 ] },
                "south": { "texture": "#1", "uv": [ 8.0, 8.0, 10.0, 7.0 ] },
                "west": { "texture": "#1", "uv": [ 3.0, 9.0, 4.0, 11.0 ] },
                "up": { "texture": "#5", "uv": [ 1.0, 12.0, 3.0, 14.0 ], "rotation": 180 },
                "down": { "texture": "#5", "uv": [ 6.0, 13.0, 16.0, 16.0 ], "rotation": 180 }
            }
        },
        {
            "name": "Connector",
            "from": [ 7.0, 9.0, 7.8 ], 
            "to": [ 9.5, 9.6, 8.2 ], 
            "faces": {
                "north": { "texture": "#5", "uv": [ 10.0, 6.0, 13.0, 7.0 ] },
                "east": { "texture": "#5", "uv": [ 10.0, 6.0, 13.0, 7.0 ] },
                "south": { "texture": "#5", "uv": [ 10.0, 6.0, 13.0, 7.0 ] },
                "west": { "texture": "#5", "uv": [ 10.0, 6.0, 13.0, 7.0 ] }
            }
        },
        {
            "name": "MainBody2",
            "from": [ -0.5, 7.4, 8.0 ], 
            "to": [ 11.5, 8.9, 9.0 ], 
            "rotation": { "origin": [ 8.0, 8.0, 8.0 ], "axis": "x", "angle": -22.5 },
            "faces": {
                "north": { "texture": "#1", "uv": [ 4.0, 9.0, 6.0, 10.0 ] },
                "east": { "texture": "#1", "uv": [ 0.0, 15.0, 2.0, 16.0 ] },
                "south": { "texture": "#0", "uv": [ 0.0, 8.0, 16.0, 11.0 ], "rotation": 180 },
                "west": { "texture": "#1", "uv": [ 0.0, 15.0, 1.0, 16.0 ] },
                "up": { "texture": "#2", "uv": [ 0.0, 2.0, 16.0, 3.0 ] },
                "down": { "texture": "#0", "uv": [ 0.0, 11.0, 16.0, 12.0 ] }
            }
        },
        {
            "name": "Magwell",
            "from": [ 5.5, 6.2, 7.5 ], 
            "to": [ 10.5, 7.7, 8.5 ], 
            "faces": {
                "north": { "texture": "#3", "uv": [ 4.0, 0.0, 14.0, 3.5 ] },
                "east": { "texture": "#3", "uv": [ 15.0, 14.0, 16.0, 16.0 ] },
                "south": { "texture": "#3", "uv": [ 0.0, 0.0, 10.0, 3.5 ] },
                "west": { "texture": "#3", "uv": [ 15.0, 14.0, 16.0, 16.0 ] },
                "down": { "texture": "#1", "uv": [ 0.0, 0.0, 5.0, 1.0 ] }
            }
        },
        {
            "name": "ScopeFrontTop",
            "from": [ 10.0, 10.6, 7.2 ], 
            "to": [ 13.0, 10.9, 8.8 ], 
            "faces": {
                "north": { "texture": "#1", "uv": [ 12.0, 6.0, 13.0, 7.0 ] },
                "east": { "texture": "#3", "uv": [ 0.0, 15.0, 5.0, 16.0 ] },
                "south": { "texture": "#1", "uv": [ 2.0, 7.0, 4.0, 8.0 ] },
                "west": { "texture": "#1", "uv": [ 7.0, 3.0, 8.0, 8.0 ], "rotation": 90 },
                "up": { "texture": "#1", "uv": [ 0.0, 10.0, 2.0, 15.0 ], "rotation": 180 },
                "down": { "texture": "#5", "uv": [ 0.0, 14.0, 2.0, 16.0 ] }
            }
        },
        {
            "name": "ScopeFrontLeft",
            "from": [ 10.0, 9.6, 7.2 ], 
            "to": [ 13.0, 10.6, 7.5 ], 
            "faces": {
                "north": { "texture": "#1", "uv": [ 12.0, 9.0, 14.0, 12.0 ] },
                "east": { "texture": "#3", "uv": [ 15.0, 1.0, 16.0, 4.0 ] },
                "south": { "texture": "#5", "uv": [ 0.0, 0.0, 2.0, 2.0 ] },
                "west": { "texture": "#1", "uv": [ 12.0, 9.0, 13.0, 12.0 ] }
            }
        },
        {
            "name": "ScopeFrontRight",
            "from": [ 10.0, 9.6, 8.5 ], 
            "to": [ 13.0, 10.6, 8.8 ], 
            "faces": {
                "north": { "texture": "#5", "uv": [ 8.0, 1.0, 10.0, 3.0 ] },
                "east": { "texture": "#1", "uv": [ 4.0, 7.0, 5.0, 10.0 ] },
                "south": { "texture": "#1", "uv": [ 2.0, 10.0, 3.0, 13.0 ] },
                "west": { "texture": "#1", "uv": [ 5.0, 7.0, 6.0, 10.0 ] }
            }
        },
        {
            "name": "ScopeGlass",
            "from": [ 12.7, 9.6, 7.5 ], 
            "to": [ 12.799999999999999, 10.6, 8.5 ], 
            "faces": {
                "east": { "texture": "#6", "uv": [ 0.0, 0.0, 16.0, 16.0 ] }
            }
        },
        {
            "name": "ScopeBodyTop",
            "from": [ 5.0, 10.5, 7.5 ], 
            "to": [ 10.0, 10.6, 8.5 ], 
            "faces": {
                "north": { "texture": "#1", "uv": [ 0.0, 0.0, 2.0, 0.1 ] },
                "east": { "texture": "#1", "uv": [ 0.0, 0.0, 1.0, 0.1 ] },
                "south": { "texture": "#1", "uv": [ 0.0, 0.0, 2.0, 0.1 ] },
                "west": { "texture": "#1", "uv": [ 0.0, 0.0, 1.0, 0.1 ] },
                "up": { "texture": "#1", "uv": [ 0.0, 0.0, 2.0, 3.0 ], "rotation": 180 },
                "down": { "texture": "#5", "uv": [ 0.0, 0.0, 2.0, 2.0 ] }
            }
        },
        {
            "name": "ScopeBodyLeft",
            "from": [ 5.0, 9.7, 7.5 ], 
            "to": [ 10.0, 10.5, 7.6 ], 
            "faces": {
                "north": { "texture": "#1", "uv": [ 12.0, 9.0, 14.0, 11.8 ] },
                "east": { "texture": "#1", "uv": [ 0.0, 0.0, 0.1, 0.8 ] },
                "south": { "texture": "#5", "uv": [ 11.0, 8.0, 13.0, 9.8 ] },
                "west": { "texture": "#1", "uv": [ 0.0, 0.0, 0.1, 0.8 ] }
            }
        },
        {
            "name": "ScopeBodyRight",
            "from": [ 5.0, 9.7, 8.4 ], 
            "to": [ 10.0, 10.5, 8.5 ], 
            "faces": {
                "north": { "texture": "#5", "uv": [ 7.0, 9.0, 9.0, 10.8 ] },
                "east": { "texture": "#1", "uv": [ 0.0, 0.0, 0.1, 0.8 ] },
                "south": { "texture": "#1", "uv": [ 0.0, 0.0, 1.0, 2.8 ], "rotation": 180 },
                "west": { "texture": "#1", "uv": [ 0.0, 0.0, 0.1, 0.8 ] }
            }
        },
        {
            "name": "Bolt",
            "from": [ 10.0, 8.5, 8.5 ], 
            "to": [ 10.3, 8.8, 9.5 ], 
            "faces": {
                "east": { "texture": "#1", "uv": [ 11.0, 3.0, 12.0, 5.0 ] },
                "south": { "texture": "#3", "uv": [ 14.0, 14.0, 16.0, 16.0 ] },
                "west": { "texture": "#3", "uv": [ 15.0, 0.0, 16.0, 2.0 ] },
                "up": { "texture": "#3", "uv": [ 0.0, 0.0, 1.0, 2.0 ] },
                "down": { "texture": "#1", "uv": [ 0.0, 14.0, 1.0, 16.0 ], "rotation": 270 }
            }
        },
        {
            "name": "Slide",
            "from": [ 4.7, 8.0, 9.0 ], 
            "to": [ 10.7, 8.8, 9.1 ], 
            "rotation": { "origin": [ 8.0, 8.0, 9.0 ], "axis": "x", "angle": -22.5 },
            "faces": {
                "south": { "texture": "#3", "uv": [ 0.0, 13.0, 16.0, 16.0 ] }
            }
        },
        {
            "name": "TriggerGuard",
            "from": [ 5.8, 5.5, 7.8 ], 
            "to": [ 7.0, 5.7, 8.2 ], 
            "faces": {
                "north": { "texture": "#5", "uv": [ 0.0, 0.0, 1.2, 0.19999999999999996 ] },
                "south": { "texture": "#5", "uv": [ 0.0, 0.0, 1.2, 0.19999999999999996 ] },
                "up": { "texture": "#1", "uv": [ 0.0, 0.0, 1.2, 0.3999999999999999 ] },
                "down": { "texture": "#5", "uv": [ 0.0, 0.0, 1.2, 0.3999999999999999 ] }
            }
        },
        {
            "name": "Trigger",
            "from": [ 6.4, 5.7, 7.9 ], 
            "to": [ 6.5, 6.7, 8.1 ], 
            "rotation": { "origin": [ 6.4, 5.8, 7.8 ], "axis": "z", "angle": 22.5 },
            "faces": {
                "north": { "texture": "#5", "uv": [ 0.0, 0.0, 0.1, 1.0 ] },
                "east": { "texture": "#5", "uv": [ 0.0, 0.0, 0.2, 1.0 ] },
                "south": { "texture": "#5", "uv": [ 0.0, 0.0, 0.1, 1.0 ] },
                "west": { "texture": "#5", "uv": [ 0.0, 0.0, 0.2, 1.0 ] },
                "down": { "texture": "#5", "uv": [ 0.0, 0.0, 0.1, 0.2 ] }
            }
        },
        {
            "name": "BodyRailingLeft",
            "from": [ 11.5, 7.4, 7.0 ], 
            "to": [ 15.5, 7.6000000000000005, 8.0 ], 
            "rotation": { "origin": [ 8.0, 8.0, 8.0 ], "axis": "x", "angle": 22.5 },
            "faces": {
                "north": { "texture": "#2", "uv": [ 1.0, 9.0, 6.0, 10.0 ] },
                "east": { "texture": "#0", "uv": [ 0.0, 3.0, 1.0, 4.0 ] },
                "south": { "texture": "#1", "uv": [ 0.0, 0.0, 3.0, 1.2 ] },
                "up": { "texture": "#1", "uv": [ 0.0, 0.0, 4.0, 1.0 ] },
                "down": { "texture": "#0", "uv": [ 0.0, 3.0, 16.0, 4.0 ] }
            }
        },
        {
            "name": "BRLTop",
            "from": [ 11.5, 8.7, 7.0 ], 
            "to": [ 15.5, 8.899999999999999, 7.6 ], 
            "rotation": { "origin": [ 8.0, 8.0, 8.0 ], "axis": "x", "angle": 22.5 },
            "faces": {
                "north": { "texture": "#2", "uv": [ 6.0, 5.0, 10.0, 5.2 ] },
                "east": { "texture": "#0", "uv": [ 0.0, 3.0, 0.6, 3.2 ] },
                "south": { "texture": "#1", "uv": [ 0.0, 0.0, 4.0, 0.2 ] },
                "up": { "texture": "#2", "uv": [ 2.0, 9.0, 7.0, 10.0 ] },
                "down": { "texture": "#1", "uv": [ 0.0, 0.0, 4.0, 0.6 ] }
            }
        },
        {
            "name": "BRLMid",
            "from": [ 11.5, 7.8, 7.0 ], 
            "to": [ 15.5, 8.5, 7.2 ], 
            "rotation": { "origin": [ 8.0, 8.0, 8.0 ], "axis": "x", "angle": 22.5 },
            "faces": {
                "north": { "texture": "#0", "uv": [ 10.0, 8.0, 16.0, 10.0 ] },
                "east": { "texture": "#0", "uv": [ 0.0, 3.0, 0.2, 3.7 ] },
                "up": { "texture": "#1", "uv": [ 0.0, 0.0, 4.0, 0.2 ] },
                "down": { "texture": "#1", "uv": [ 0.0, 0.0, 4.0, 0.2 ] }
            }
        },
        {
            "name": "ScopeKnob",
            "from": [ 8.0, 10.6, 7.6 ], 
            "to": [ 8.8, 10.9, 8.4 ], 
            "faces": {
                "north": { "texture": "#4", "uv": [ 10.0, 6.0, 11.0, 15.0 ], "rotation": 90 },
                "east": { "texture": "#4", "uv": [ 10.0, 5.0, 11.0, 14.0 ], "rotation": 90 },
                "south": { "texture": "#4", "uv": [ 10.0, 7.0, 11.0, 16.0 ], "rotation": 90 },
                "west": { "texture": "#4", "uv": [ 10.0, 5.0, 11.0, 16.0 ], "rotation": 90 },
                "up": { "texture": "#3", "uv": [ 0.0, 0.0, 6.0, 6.0 ] }
            }
        },
        {
            "name": "Dingy1",
            "from": [ 11.9, 7.6, 7.1 ], 
            "to": [ 12.3, 8.7, 7.199999999999999 ], 
            "rotation": { "origin": [ 8.0, 8.0, 8.0 ], "axis": "x", "angle": 22.5 },
            "faces": {
                "north": { "texture": "#2", "uv": [ 11.0, 2.0, 13.0, 4.0 ], "rotation": 90 },
                "east": { "texture": "#1", "uv": [ 0.0, 0.0, 0.1, 1.1 ] },
                "west": { "texture": "#1", "uv": [ 0.0, 0.0, 0.1, 1.1 ] }
            }
        },
        {
            "name": "Dingy2",
            "from": [ 12.7, 7.6, 7.1 ], 
            "to": [ 13.1, 8.7, 7.199999999999999 ], 
            "rotation": { "origin": [ 8.0, 8.0, 8.0 ], "axis": "x", "angle": 22.5 },
            "faces": {
                "north": { "texture": "#2", "uv": [ 8.0, 2.0, 10.0, 4.0 ], "rotation": 90 },
                "east": { "texture": "#1", "uv": [ 0.0, 0.0, 0.1, 1.1 ] },
                "west": { "texture": "#1", "uv": [ 0.0, 0.0, 0.1, 1.1 ] }
            }
        },
        {
            "name": "Dingy3",
            "from": [ 13.5, 7.6, 7.1 ], 
            "to": [ 13.9, 8.7, 7.199999999999999 ], 
            "rotation": { "origin": [ 8.0, 8.0, 8.0 ], "axis": "x", "angle": 22.5 },
            "faces": {
                "north": { "texture": "#2", "uv": [ 5.0, 9.0, 7.0, 11.0 ], "rotation": 90 },
                "east": { "texture": "#1", "uv": [ 0.0, 0.0, 0.1, 1.1 ] },
                "west": { "texture": "#1", "uv": [ 0.0, 0.0, 0.1, 1.1 ] }
            }
        },
        {
            "name": "Dingy4",
            "from": [ 14.3, 7.6, 7.1 ], 
            "to": [ 14.700000000000001, 8.7, 7.199999999999999 ], 
            "rotation": { "origin": [ 8.0, 8.0, 8.0 ], "axis": "x", "angle": 22.5 },
            "faces": {
                "north": { "texture": "#2", "uv": [ 9.0, 9.0, 11.0, 11.0 ], "rotation": 90 },
                "east": { "texture": "#1", "uv": [ 0.0, 0.0, 0.1, 1.1 ] },
                "west": { "texture": "#1", "uv": [ 0.0, 0.0, 0.1, 1.1 ] }
            }
        },
        {
            "name": "Dingy5",
            "from": [ 15.1, 7.6, 7.1 ], 
            "to": [ 15.5, 8.7, 7.199999999999999 ], 
            "rotation": { "origin": [ 8.0, 8.0, 8.0 ], "axis": "x", "angle": 22.5 },
            "faces": {
                "north": { "texture": "#2", "uv": [ 8.0, 9.0, 10.0, 11.0 ], "rotation": 90 },
                "east": { "texture": "#0", "uv": [ 0.0, 3.0, 0.1, 4.0 ] },
                "west": { "texture": "#1", "uv": [ 0.0, 0.0, 0.1, 1.1 ] }
            }
        },
        {
            "name": "BodyRailingRight",
            "from": [ 11.5, 7.4, 8.0 ], 
            "to": [ 15.5, 7.6000000000000005, 9.0 ], 
            "rotation": { "origin": [ 8.0, 8.0, 8.0 ], "axis": "x", "angle": -22.5 },
            "faces": {
                "north": { "texture": "#1", "uv": [ 0.0, 0.0, 4.0, 0.2 ] },
                "east": { "texture": "#0", "uv": [ 0.0, 3.0, 1.0, 4.0 ] },
                "south": { "texture": "#2", "uv": [ 0.0, 15.0, 4.0, 15.2 ] },
                "up": { "texture": "#1", "uv": [ 0.0, 0.0, 4.0, 1.0 ] },
                "down": { "texture": "#0", "uv": [ 3.0, 15.0, 7.0, 16.0 ] }
            }
        },
        {
            "name": "BRRTop",
            "from": [ 11.5, 8.7, 8.4 ], 
            "to": [ 15.5, 8.899999999999999, 9.0 ], 
            "rotation": { "origin": [ 8.0, 8.0, 8.0 ], "axis": "x", "angle": -22.5 },
            "faces": {
                "north": { "texture": "#1", "uv": [ 0.0, 0.0, 4.0, 0.2 ] },
                "east": { "texture": "#0", "uv": [ 0.0, 3.0, 0.6, 3.2 ] },
                "south": { "texture": "#2", "uv": [ 7.0, 2.0, 11.0, 2.2 ] },
                "up": { "texture": "#2", "uv": [ 8.0, 2.0, 12.0, 2.6 ] },
                "down": { "texture": "#1", "uv": [ 0.0, 0.0, 4.0, 0.6 ] }
            }
        },
        {
            "name": "BRRMid",
            "from": [ 11.5, 7.8, 8.8 ], 
            "to": [ 15.5, 8.5, 9.0 ], 
            "rotation": { "origin": [ 8.0, 8.0, 8.0 ], "axis": "x", "angle": -22.5 },
            "faces": {
                "east": { "texture": "#0", "uv": [ 0.0, 3.0, 0.2, 3.7 ] },
                "south": { "texture": "#0", "uv": [ 8.0, 9.0, 14.0, 10.7 ] },
                "up": { "texture": "#1", "uv": [ 0.0, 0.0, 4.0, 0.2 ] },
                "down": { "texture": "#1", "uv": [ 0.0, 0.0, 4.0, 0.2 ] }
            }
        },
        {
            "name": "Dingy6",
            "from": [ 11.9, 7.6, 8.8 ], 
            "to": [ 12.3, 8.7, 8.9 ], 
            "rotation": { "origin": [ 8.0, 8.0, 8.0 ], "axis": "x", "angle": -22.5 },
            "faces": {
                "east": { "texture": "#1", "uv": [ 0.0, 0.0, 0.1, 1.1 ] },
                "south": { "texture": "#2", "uv": [ 0.0, 8.0, 2.0, 10.0 ], "rotation": 90 },
                "west": { "texture": "#1", "uv": [ 0.0, 0.0, 0.1, 1.1 ] }
            }
        },
        {
            "name": "Dingy7",
            "from": [ 12.7, 7.6, 8.8 ], 
            "to": [ 13.1, 8.7, 8.9 ], 
            "rotation": { "origin": [ 8.0, 8.0, 8.0 ], "axis": "x", "angle": -22.5 },
            "faces": {
                "east": { "texture": "#1", "uv": [ 0.0, 0.0, 0.1, 1.1 ] },
                "south": { "texture": "#2", "uv": [ 11.0, 2.0, 13.0, 4.0 ], "rotation": 270 },
                "west": { "texture": "#1", "uv": [ 0.0, 0.0, 0.1, 1.1 ] }
            }
        },
        {
            "name": "Dingy8",
            "from": [ 13.5, 7.6, 8.8 ], 
            "to": [ 13.9, 8.7, 8.9 ], 
            "rotation": { "origin": [ 8.0, 8.0, 8.0 ], "axis": "x", "angle": -22.5 },
            "faces": {
                "east": { "texture": "#1", "uv": [ 0.0, 0.0, 0.1, 1.1 ] },
                "south": { "texture": "#2", "uv": [ 9.0, 8.0, 11.0, 10.0 ], "rotation": 90 },
                "west": { "texture": "#1", "uv": [ 0.0, 0.0, 0.1, 1.1 ] }
            }
        },
        {
            "name": "Dingy9",
            "from": [ 14.3, 7.6, 8.8 ], 
            "to": [ 14.700000000000001, 8.7, 8.9 ], 
            "rotation": { "origin": [ 8.0, 8.0, 8.0 ], "axis": "x", "angle": -22.5 },
            "faces": {
                "east": { "texture": "#1", "uv": [ 0.0, 0.0, 0.1, 1.1 ] },
                "south": { "texture": "#2", "uv": [ 10.0, 2.0, 12.0, 4.0 ], "rotation": 270 },
                "west": { "texture": "#1", "uv": [ 0.0, 0.0, 0.1, 1.1 ] }
            }
        },
        {
            "name": "Dingy10",
            "from": [ 15.1, 7.6, 8.8 ], 
            "to": [ 15.5, 8.7, 8.9 ], 
            "rotation": { "origin": [ 8.0, 8.0, 8.0 ], "axis": "x", "angle": -22.5 },
            "faces": {
                "east": { "texture": "#0", "uv": [ 0.0, 3.0, 1.0, 4.0 ] },
                "south": { "texture": "#2", "uv": [ 4.0, 2.0, 6.0, 4.0 ], "rotation": 270 },
                "west": { "texture": "#1", "uv": [ 0.0, 0.0, 0.1, 1.1 ] }
            }
        },
        {
            "name": "reddot",
            "from": [ 12.7, 10.0, 7.9 ], 
            "to": [ 12.799999999999999, 10.2, 8.1 ], 
            "faces": {
                "west": { "texture": "#7", "uv": [ 4.0, 4.0, 12.0, 12.0 ], "rotation": 90 }
            }
        }
    ],
	 "display": {
        "thirdperson_righthand": {
           "rotation": [ 0, 90, 0 ],
           "translation": [ 0.1, 1.2, -0.5 ],
           "scale": [ 1.1, 1.1, 1.1 ]
        },
        "thirdperson_lefthand": {
           "rotation": [ 0, -90, 0 ],
           "translation": [ -0.1, 1.2, -0.5 ],
           "scale": [ 1.1, 1.1, 1.1 ]
        },
        "firstperson_righthand": {
           "rotation": [ 25, 90, 0 ],
           "translation": [ 2.0, 2.5, -2.0 ],
           "scale": [ 1.5, 1.5, 1.5 ]
        },
        "firstperson_lefthand": {
           "rotation": [ 25, -90, 0 ],
           "translation": [ 2.0, 2.5, -2.0 ],
           "scale": [ 1.5, 1.5, 1.5 ]
        },
        "gui": {
           "rotation": [ 0, 0, 45 ],
           "translation": [ -1.2, 0, 0 ],
           "scale": [ 1.1, 1.1, 1.1 ]
        }

    }
}