{
"__comment": "Designed by Scoat2 with BDcraft Cubik PRO 0.93 Beta - http://bdcraft.net",
	"textures": {
	"color": "guns/m9",
	"arms": "guns/arms"
	},
"elements": [ 
{
    "from": [ 3.6875, 11.3125, 7.5625 ],
    "to": [ 25.3125, 12.6875, 8.375 ],
    "faces": {
        "down":  { "uv": [ 15.5, 0, 16, 0.5 ], "texture": "color" },
        "up":    { "uv": [ 15.5, 0, 16, 0.5 ], "texture": "color" },
        "north": { "uv": [ 15.5, 0, 16, 0.5 ], "texture": "color" },
        "south": { "uv": [ 15.5, 0, 16, 0.5 ], "texture": "color" },
        "west":  { "uv": [ 15.5, 9, 16, 9.5 ], "texture": "color" },
        "east":  { "uv": [ 15.5, 9, 16, 9.5 ], "texture": "color" }
    }
},
{
    "from": [ 0, 9, 6.5 ],
    "to": [ 22, 11.5, 9.5 ],
    "faces": {
        "down":  { "uv": [ 0, 5, 16, 7 ], "texture": "color" },
        "up":    { "uv": [ 0, 5, 16, 7 ], "texture": "color" },
        "north": { "uv": [ 0, 5, 13.5, 6 ], "texture": "color" },
        "south": { "uv": [ 0, 5, 13.5, 6 ], "texture": "color" },
        "west":  { "uv": [ 6.5, 4.5, 9.5, 7 ], "texture": "color" },
        "east":  { "uv": [ 6.5, 4.5, 9.5, 7 ], "texture": "color" }
    }
},
{
    "from": [ 22, 9, 6.5 ],
    "to": [ 24, 11.5, 7.5 ],
    "rotation": { "origin": [ 22, 9, 6.5 ], "axis": "y", "angle": -22.5 },
    "faces": {
        "down":  { "uv": [ 0, 6, 0.5, 7 ], "texture": "color" },
        "up":    { "uv": [ 0, 6, 0.5, 7 ], "texture": "color" },
        "north": { "uv": [ 0, 6, 0.5, 7 ], "texture": "color" },
        "south": { "uv": [ 0, 6, 0.5, 7 ], "texture": "color" },
        "west":  { "uv": [ 0, 6, 1, 7 ], "texture": "color" },
        "east":  { "uv": [ 0, 6, 1, 7 ], "texture": "color" }
    }
},
{
    "from": [ 21.5625, 9, 8.5625 ],
    "to": [ 23.5625, 11.5, 9.5625 ],
    "rotation": { "origin": [ 21.5625, 9, 8.5625 ], "axis": "y", "angle": 22.5 },
    "faces": {
        "down":  { "uv": [ 0, 6, 0.5, 7 ], "texture": "color" },
        "up":    { "uv": [ 0, 6, 0.5, 7 ], "texture": "color" },
        "north": { "uv": [ 0, 6, 0.5, 7 ], "texture": "color" },
        "south": { "uv": [ 0, 6, 0.5, 7 ], "texture": "color" },
        "west":  { "uv": [ 0, 6, 1, 7 ], "texture": "color" },
        "east":  { "uv": [ 0, 6, 1, 7 ], "texture": "color" }
    }
},
{
    "from": [ 7, 8, 7 ],
    "to": [ 23.8125, 9, 9 ],
    "faces": {
        "down":  { "uv": [ 0, 6, 16, 7 ], "texture": "color" },
        "up":    { "uv": [ 0, 6, 16, 7 ], "texture": "color" },
        "north": { "uv": [ 15, 9, 16, 10 ], "texture": "color" },
        "south": { "uv": [ 15, 9, 16, 10 ], "texture": "color" },
        "west":  { "uv": [ 15, 9, 16, 10 ], "texture": "color" },
        "east":  { "uv": [ 15, 9, 16, 10 ], "texture": "color" }
    }
},
{
    "from": [ 0, 11.3125, 7.25 ],
    "to": [ 7, 13.3125, 8.25 ],
    "rotation": { "origin": [ 0, 13.3125, 7.25 ], "axis": "x", "angle": 22.5 },
    "faces": {
        "down":  { "uv": [ 9, 3, 16, 2 ], "texture": "color" },
        "up":    { "uv": [ 16, 2, 9, 3 ], "texture": "color" },
        "north": { "uv": [ 16, 1, 9, 3 ], "texture": "color" },
        "south": { "uv": [ 16, 1, 9, 3 ], "texture": "color" },
        "west":  { "uv": [ 15, 9, 16, 11 ], "texture": "color" },
        "east":  { "uv": [ 15, 9, 16, 11 ], "texture": "color" }
    }
},
{
    "from": [ 0, 10.9375, 7.8125 ],
    "to": [ 7, 12.9375, 8.8125 ],
    "rotation": { "origin": [ 0, 12.9375, 7.8125 ], "axis": "x", "angle": -22.5 },
    "faces": {
        "down":  { "uv": [ 9, 2, 16, 3 ], "texture": "color" },
        "up":    { "uv": [ 9, 2, 16, 3 ], "texture": "color" },
        "north": { "uv": [ 9, 1, 16, 3 ], "texture": "color" },
        "south": { "uv": [ 9, 1, 16, 3 ], "texture": "color" },
        "west":  { "uv": [ 15, 9, 16, 11.5 ], "texture": "color" },
        "east":  { "uv": [ 15, 9, 16, 11.5 ], "texture": "color" }
    }
},
{
    "from": [ 22.875, 9, 6.875 ],
    "to": [ 24.5625, 12.625, 9.0625 ],
    "faces": {
        "down":  { "uv": [ 8, 8, 9, 10 ], "texture": "color" },
        "up":    { "uv": [ 8, 8, 9, 10 ], "texture": "color" },
        "north": { "uv": [ 8, 8, 9, 10 ], "texture": "color" },
        "south": { "uv": [ 8, 8, 9, 10 ], "texture": "color" },
        "west":  { "uv": [ 8, 8, 9, 9.5 ], "texture": "color" },
        "east":  { "uv": [ 8, 8, 9, 9.5 ], "texture": "color" }
    }
},
{
    "from": [ 23.0625, 12.5, 7.5 ],
    "to": [ 23.75, 13.5, 8.5 ],
    "faces": {
        "down":  { "uv": [ 0, 8.5, 0, 7.5 ], "texture": "color" },
        "up":    { "uv": [ 16, 7.5, 16, 8.5 ], "texture": "color" },
        "north": { "uv": [ 0, 2.5, 0, 3.5 ], "texture": "color" },
        "south": { "uv": [ 16, 2.5, 16, 3.5 ], "texture": "color" },
        "west":  { "uv": [ 7.5, 2.5, 8.5, 3.5 ], "texture": "color" },
        "east":  { "uv": [ 7.5, 2.5, 8.5, 3.5 ], "texture": "color" }
    }
},
{
    "from": [ 23.75, 12.5, 7.5 ],
    "to": [ 24.75, 13.5, 8.5 ],
    "rotation": { "origin": [ 23.75, 13.5, 7.5 ], "axis": "z", "angle": -45 },
    "faces": {
        "down":  { "uv": [ 0, 7, 0, 6 ], "texture": "color" },
        "up":    { "uv": [ 16, 6, 16, 7 ], "texture": "color" },
        "north": { "uv": [ 0, 0, 0, 1 ], "texture": "color" },
        "south": { "uv": [ 16, 0, 16, 1 ], "texture": "color" },
        "west":  { "uv": [ 6, 0, 7, 1 ], "texture": "color" },
        "east":  { "uv": [ 9, 0, 10, 1 ], "texture": "color" }
    }
},
{
    "from": [ 0.75, 12, 6.5 ],
    "to": [ 1.75, 12.5, 7 ],
    "faces": {
        "down":  { "uv": [ 15.25, 7, 14.25, 6.5 ], "texture": "color" },
        "up":    { "uv": [ 0.75, 6.5, 1.75, 7 ], "texture": "color" },
        "north": { "uv": [ 14.25, 3.5, 15.25, 4 ], "texture": "color" },
        "south": { "uv": [ 0.75, 3.5, 1.75, 4 ], "texture": "color" },
        "west":  { "uv": [ 6.5, 3.5, 7, 4 ], "texture": "color" },
        "east":  { "uv": [ 9, 3.5, 9.5, 4 ], "texture": "color" }
    }
},
{
    "from": [ 0.375, 12, 6.875 ],
    "to": [ 0.875, 12.5, 7.375 ],
    "rotation": { "origin": [ 0.375, 12, 6.875 ], "axis": "y", "angle": 45 },
    "faces": {
        "down":  { "uv": [ 13.5, 7, 13, 6.5 ], "texture": "color" },
        "up":    { "uv": [ 2.5, 6.5, 3, 7 ], "texture": "color" },
        "north": { "uv": [ 13, 3.5, 13.5, 4 ], "texture": "color" },
        "south": { "uv": [ 2.5, 3.5, 3, 4 ], "texture": "color" },
        "west":  { "uv": [ 6.5, 3.5, 7, 4 ], "texture": "color" },
        "east":  { "uv": [ 9, 3.5, 9.5, 4 ], "texture": "color" }
    }
},
{
    "from": [ -0.0625, 11.3125, 7.3125 ],
    "to": [ 7, 13.3125, 8.6875 ],
    "faces": {
        "down":  { "uv": [ 9, 0, 16, 2 ], "texture": "color" },
        "up":    { "uv": [ 9, 0, 16, 2 ], "texture": "color" },
        "north": { "uv": [ 9, 2.6875, 16, 4.6875 ], "texture": "color" },
        "south": { "uv": [ 0, 2.6875, 7, 4.6875 ], "texture": "color" },
        "west":  { "uv": [ 11.5, 7, 12.875, 9 ], "texture": "color" },
        "east":  { "uv": [ 11.5, 7, 12.875, 9 ], "texture": "color" }
    }
},
{
    "from": [ -0.0625, 10.8125, 7.3125 ],
    "to": [ 0.9375, 13.3125, 8.6875 ],
    "rotation": { "origin": [ -0.0625, 13.3125, 7.3125 ], "axis": "z", "angle": -22.5 },
    "faces": {
        "down":  { "uv": [ 16, 9.5, 16, 6.5 ], "texture": "color" },
        "up":    { "uv": [ 0, 11, 3, 15 ], "texture": "color" },
        "north": { "uv": [ 12, 8, 15, 9 ], "texture": "color" },
        "south": { "uv": [ 12, 8, 15, 9 ], "texture": "color" },
        "west":  { "uv": [ 0, 11.5, 3, 15 ], "texture": "color" },
        "east":  { "uv": [ 0, 11.5, 3, 15 ], "texture": "color" }
    }
},
{
    "from": [ 7, 7.5, 7 ],
    "to": [ 15.5, 8.5, 9 ],
    "faces": {
        "down":  { "uv": [ 15, 9, 16, 10 ], "texture": "color" },
        "up":    { "uv": [ 15, 9, 16, 10 ], "texture": "color" },
        "north": { "uv": [ 0.5, 6, 9, 7 ], "texture": "color" },
        "south": { "uv": [ 0.5, 6, 9, 7 ], "texture": "color" },
        "west":  { "uv": [ 7, 7.5, 9, 8.5 ], "texture": "color" },
        "east":  { "uv": [ 7, 7.5, 9, 8.5 ], "texture": "color" }
    }
},
{
    "from": [ 14.125, 6.9375, 7 ],
    "to": [ 16.6875, 7.9375, 9 ],
    "rotation": { "origin": [ 14.125, 7.9375, 7 ], "axis": "z", "angle": 22.5 },
    "faces": {
        "down":  { "uv": [ 0.5, 5, 0, 4 ], "texture": "color" },
        "up":    { "uv": [ 15.5, 4, 16, 5 ], "texture": "color" },
        "north": { "uv": [ 15.5, 9, 16, 10 ], "texture": "color" },
        "south": { "uv": [ 15.5, 7.5, 16, 8.5 ], "texture": "color" },
        "west":  { "uv": [ 15, 9, 16, 10 ], "texture": "color" },
        "east":  { "uv": [ 15, 9, 16, 10 ], "texture": "color" }
    }
},
{
    "from": [ 15.3125, 7.5, 7 ],
    "to": [ 23.8125, 8, 7.5 ],
    "rotation": { "origin": [ 15.3125, 8, 7 ], "axis": "x", "angle": -45 },
    "faces": {
        "down":  { "uv": [ 15.5, 9, 16, 9.5 ], "texture": "color" },
        "up":    { "uv": [ 15.5, 9, 16, 9.5 ], "texture": "color" },
        "north": { "uv": [ 15.5, 9, 16, 9.5 ], "texture": "color" },
        "south": { "uv": [ 15.5, 9, 16, 9.5 ], "texture": "color" },
        "west":  { "uv": [ 15.5, 9, 16, 9.5 ], "texture": "color" },
        "east":  { "uv": [ 15.5, 9, 16, 9.5 ], "texture": "color" }
    }
},
{
    "from": [ 15.3125, 7.875, 8.625 ],
    "to": [ 23.8125, 8.375, 9.125 ],
    "rotation": { "origin": [ 15.3125, 8.375, 8.625 ], "axis": "x", "angle": 45 },
    "faces": {
        "down":  { "uv": [ 15.5, 9, 16, 9.5 ], "texture": "color" },
        "up":    { "uv": [ 15.5, 9, 16, 9.5 ], "texture": "color" },
        "north": { "uv": [ 15.5, 9, 16, 9.5 ], "texture": "color" },
        "south": { "uv": [ 15.5, 9, 16, 9.5 ], "texture": "color" },
        "west":  { "uv": [ 15.5, 9, 16, 9.5 ], "texture": "color" },
        "east":  { "uv": [ 15.5, 9, 16, 9.5 ], "texture": "color" }
    }
},
{
    "from": [ 1, 13.3125, 7.3125 ],
    "to": [ 2.125, 13.4375, 7.875 ],
    "faces": {
        "down":  { "uv": [ 14.875, 0, 16, 0.5625 ], "texture": "color" },
        "up":    { "uv": [ 14.875, 0, 16, 0.5625 ], "texture": "color" },
        "north": { "uv": [ 14.875, 0, 16, 0.5 ], "texture": "color" },
        "south": { "uv": [ 14.875, 0, 16, 0.5 ], "texture": "color" },
        "west":  { "uv": [ 15.4375, 0, 16, 0.5 ], "texture": "color" },
        "east":  { "uv": [ 15.4375, 0, 16, 0.5 ], "texture": "color" }
    }
},
{
    "from": [ 15.5, 7.6875, 7.3125 ],
    "to": [ 23.8125, 8.75, 8.625 ],
    "faces": {
        "down":  { "uv": [ 15.5, 9, 16, 10.3125 ], "texture": "color" },
        "up":    { "uv": [ 15.5, 9, 16, 10.3125 ], "texture": "color" },
        "north": { "uv": [ 15.5, 9, 16, 10.0625 ], "texture": "color" },
        "south": { "uv": [ 15.5, 7.25, 16, 8.3125 ], "texture": "color" },
        "west":  { "uv": [ 15, 9, 16, 10 ], "texture": "color" },
        "east":  { "uv": [ 15, 9, 16, 10 ], "texture": "color" }
    }
},
{
    "from": [ 7, 7, 7 ],
    "to": [ 14.5, 8.5, 9 ],
    "faces": {
        "down":  { "uv": [ 9, 9, 1.5, 7 ], "texture": "color" },
        "up":    { "uv": [ 7, 7, 14.5, 9 ], "texture": "color" },
        "north": { "uv": [ 15, 9, 16, 10 ], "texture": "color" },
        "south": { "uv": [ 15, 9, 16, 10 ], "texture": "color" },
        "west":  { "uv": [ 7, 7.5, 9, 9 ], "texture": "color" },
        "east":  { "uv": [ 7, 7.5, 9, 9 ], "texture": "color" }
    }
},
{
    "from": [ 13.5, 7.3125, 6.8125 ],
    "to": [ 14.5, 7.8125, 7.8125 ],
    "faces": {
        "down":  { "uv": [ 4.5, 7, 5.5, 8 ], "texture": "color" },
        "up":    { "uv": [ 4.5, 7, 5.5, 8 ], "texture": "color" },
        "north": { "uv": [ 4.5, 7, 5.5, 7.5 ], "texture": "color" },
        "south": { "uv": [ 4.5, 7, 5.5, 7.5 ], "texture": "color" },
        "west":  { "uv": [ 4, 7, 5, 7.5 ], "texture": "color" },
        "east":  { "uv": [ 4, 7, 5, 7.5 ], "texture": "color" }
    }
},
{
    "from": [ 8.8125, 8.125, 6.6875 ],
    "to": [ 10.5625, 8.8125, 7.4375 ],
    "faces": {
        "down":  { "uv": [ 5.5, 7, 7.25, 7.75 ], "texture": "color" },
        "up":    { "uv": [ 5.5, 7, 7.25, 7.75 ], "texture": "color" },
        "north": { "uv": [ 6, 7.5, 7, 8 ], "texture": "color" },
        "south": { "uv": [ 6, 7.5, 7, 8 ], "texture": "color" },
        "west":  { "uv": [ 6.6875, 7.1875, 7.4375, 7.875 ], "texture": "color" },
        "east":  { "uv": [ 6.6875, 7.1875, 7.4375, 7.875 ], "texture": "color" }
    }
},
{
    "from": [ 8.0625, 7.625, 6.6875 ],
    "to": [ 8.9375, 8.3125, 7.4375 ],
    "faces": {
        "down":  { "uv": [ 6, 7, 7.75, 7.75 ], "texture": "color" },
        "up":    { "uv": [ 6, 7, 7.75, 7.75 ], "texture": "color" },
        "north": { "uv": [ 4.5, 7, 6.25, 7.6875 ], "texture": "color" },
        "south": { "uv": [ 4.5, 7, 6.25, 7.6875 ], "texture": "color" },
        "west":  { "uv": [ 6, 7, 6.75, 7.6875 ], "texture": "color" },
        "east":  { "uv": [ 6, 7, 6.75, 7.6875 ], "texture": "color" }
    }
},
{
    "from": [ 8.125, 7.4375, 6.6875 ],
    "to": [ 9.125, 8.125, 7.1875 ],
    "rotation": { "origin": [ 8.125, 8.125, 6.6875 ], "axis": "z", "angle": 45 },
    "faces": {
        "down":  { "uv": [ 6, 7.5, 7, 8 ], "texture": "color" },
        "up":    { "uv": [ 6, 7.5, 7, 8 ], "texture": "color" },
        "north": { "uv": [ 6, 7, 7, 7.6875 ], "texture": "color" },
        "south": { "uv": [ 6, 7, 7, 7.6875 ], "texture": "color" },
        "west":  { "uv": [ 5.5, 7.1875, 6, 7.875 ], "texture": "color" },
        "east":  { "uv": [ 5.5, 7.1875, 6, 7.875 ], "texture": "color" }
    }
},
{
    "from": [ 8.5625, 7.5, 6.6875 ],
    "to": [ 9.375, 8, 7.4375 ],
    "rotation": { "origin": [ 8.5625, 8, 6.6875 ], "axis": "z", "angle": 45 },
    "faces": {
        "down":  { "uv": [ 6, 7, 7.5, 7.75 ], "texture": "color" },
        "up":    { "uv": [ 6, 7, 7.5, 7.75 ], "texture": "color" },
        "north": { "uv": [ 5.5, 7, 7, 7.5 ], "texture": "color" },
        "south": { "uv": [ 5.5, 7, 7, 7.5 ], "texture": "color" },
        "west":  { "uv": [ 6, 7, 6.75, 7.5 ], "texture": "color" },
        "east":  { "uv": [ 6, 7, 6.75, 7.5 ], "texture": "color" }
    }
},
{
    "from": [ 10.4375, 8.3125, 6.6875 ],
    "to": [ 10.6875, 8.625, 7.4375 ],
    "faces": {
        "down":  { "uv": [ 6.5, 7, 6.75, 7.75 ], "texture": "color" },
        "up":    { "uv": [ 6.5, 7, 6.75, 7.75 ], "texture": "color" },
        "north": { "uv": [ 5.3125, 7.375, 5.5625, 7.6875 ], "texture": "color" },
        "south": { "uv": [ 5.3125, 7.375, 5.5625, 7.6875 ], "texture": "color" },
        "west":  { "uv": [ 6.6875, 7.375, 7.4375, 7.6875 ], "texture": "color" },
        "east":  { "uv": [ 6.6875, 7.375, 7.4375, 7.6875 ], "texture": "color" }
    }
},
{
    "from": [ -1, 8.9375, 7.3125 ],
    "to": [ 0, 11, 8.6875 ],
    "faces": {
        "down":  { "uv": [ 12, 8, 14.5, 9 ], "texture": "color" },
        "up":    { "uv": [ 12, 8, 14.5, 9 ], "texture": "color" },
        "north": { "uv": [ 12, 8, 15, 9 ], "texture": "color" },
        "south": { "uv": [ 12, 8, 15, 9 ], "texture": "color" },
        "west":  { "uv": [ 11.5, 8, 15.5, 9 ], "texture": "color" },
        "east":  { "uv": [ 11.5, 8, 15.5, 9 ], "texture": "color" }
    }
},
{
    "from": [ 0, 9.125, 6.6875 ],
    "to": [ 1.5, 11.5, 9.3125 ],
    "rotation": { "origin": [ 0, 11.5, 6.6875 ], "axis": "z", "angle": -22.5 },
    "faces": {
        "down":  { "uv": [ 16, 9.5, 16, 6.5 ], "texture": "color" },
        "up":    { "uv": [ 0, 6.5, 0, 9.5 ], "texture": "color" },
        "north": { "uv": [ 15, 9, 16, 10 ], "texture": "color" },
        "south": { "uv": [ 15, 9, 16, 10 ], "texture": "color" },
        "west":  { "uv": [ 6.5, 5, 9.5, 7 ], "texture": "color" },
        "east":  { "uv": [ 6.5, 5, 9.5, 7 ], "texture": "color" }
    }
},
{
    "from": [ -1.5, 8.5, 6.6875 ],
    "to": [ 1, 9.5, 9.3125 ],
    "faces": {
        "down":  { "uv": [ 12, 8, 15, 9 ], "texture": "color" },
        "up":    { "uv": [ 12, 8, 15, 9 ], "texture": "color" },
        "north": { "uv": [ 12, 8, 14.5, 9 ], "texture": "color" },
        "south": { "uv": [ 12, 8, 14.5, 9 ], "texture": "color" },
        "west":  { "uv": [ 6.5, 5, 9.5, 7 ], "texture": "color" },
        "east":  { "uv": [ 6.5, 5, 9.5, 7 ], "texture": "color" }
    }
},
{
    "from": [ -0.5, 8.5, 6.6875 ],
    "to": [ 1, 9.5, 9.3125 ],
    "rotation": { "origin": [ -0.5, 9.5, 6.6875 ], "axis": "z", "angle": -22.5 },
    "faces": {
        "down":  { "uv": [ 12, 8, 15, 9 ], "texture": "color" },
        "up":    { "uv": [ 12, 8, 15, 9 ], "texture": "color" },
        "north": { "uv": [ 12, 8, 15, 9 ], "texture": "color" },
        "south": { "uv": [ 12, 8, 15, 9 ], "texture": "color" },
        "west":  { "uv": [ 6.5, 5, 9.5, 7 ], "texture": "color" },
        "east":  { "uv": [ 6.5, 5, 9.5, 7 ], "texture": "color" }
    }
},
{
    "from": [ 0.5, 8, 6.6875 ],
    "to": [ 1.5, 9, 9.3125 ],
    "rotation": { "origin": [ 0.5, 9, 6.6875 ], "axis": "z", "angle": -45 },
    "faces": {
        "down":  { "uv": [ 12, 8, 15, 9 ], "texture": "color" },
        "up":    { "uv": [ 12, 8, 15, 9 ], "texture": "color" },
        "north": { "uv": [ 12, 8, 15, 9 ], "texture": "color" },
        "south": { "uv": [ 12, 8, 15, 9 ], "texture": "color" },
        "west":  { "uv": [ 6.5, 5, 9.5, 7 ], "texture": "color" },
        "east":  { "uv": [ 6.5, 5, 9.5, 7 ], "texture": "color" }
    }
},
{
    "from": [ -0.25, 7.375, 6.6875 ],
    "to": [ 1.25, 8.875, 9.3125 ],
    "rotation": { "origin": [ -0.25, 8.875, 6.6875 ], "axis": "z", "angle": 22.5 },
    "faces": {
        "down":  { "uv": [ 12, 8, 15, 9 ], "texture": "color" },
        "up":    { "uv": [ 12, 8, 15, 9 ], "texture": "color" },
        "north": { "uv": [ 12, 8, 14.5, 9 ], "texture": "color" },
        "south": { "uv": [ 12, 8, 14.5, 9 ], "texture": "color" },
        "west":  { "uv": [ 6.5, 5, 9.5, 7 ], "texture": "color" },
        "east":  { "uv": [ 6.5, 5, 9.5, 7 ], "texture": "color" }
    }
},
{
    "from": [ 0.3125, 7, 6.6875 ],
    "to": [ 2.3125, 8, 9.3125 ],
    "faces": {
        "down":  { "uv": [ 16, 9.5, 16, 6.5 ], "texture": "color" },
        "up":    { "uv": [ 0, 6.5, 0, 9.5 ], "texture": "color" },
        "north": { "uv": [ 16, 5, 16, 7 ], "texture": "color" },
        "south": { "uv": [ 0, 5, 0, 7 ], "texture": "color" },
        "west":  { "uv": [ 6.5, 5, 9.5, 7 ], "texture": "color" },
        "east":  { "uv": [ 6.5, 5, 9.5, 7 ], "texture": "color" }
    }
},
{
    "from": [ 0.5, -2, 6.6875 ],
    "to": [ 3, 7.5, 9.3125 ],
    "rotation": { "origin": [ 0.5, 7.5, 6.6875 ], "axis": "z", "angle": -22.5 },
    "faces": {
        "down":  { "uv": [ 16, 9.5, 16, 6.5 ], "texture": "color" },
        "up":    { "uv": [ 0, 6.5, 0, 9.5 ], "texture": "color" },
        "north": { "uv": [ 16, 5, 16, 7 ], "texture": "color" },
        "south": { "uv": [ 0, 5, 0, 7 ], "texture": "color" },
        "west":  { "uv": [ 6.5, 5, 9.5, 7 ], "texture": "color" },
        "east":  { "uv": [ 6.5, 5, 9.5, 7 ], "texture": "color" }
    }
},
{
    "from": [ -3.125, -2.25, 6.6875 ],
    "to": [ 4.875, -1.1875, 9.3125 ],
    "faces": {
        "down":  { "uv": [ 16, 9.5, 16, 6.5 ], "texture": "color" },
        "up":    { "uv": [ 0, 6.5, 0, 9.5 ], "texture": "color" },
        "north": { "uv": [ 16, 5, 16, 7 ], "texture": "color" },
        "south": { "uv": [ 0, 5, 0, 7 ], "texture": "color" },
        "west":  { "uv": [ 6.5, 5, 9.5, 7 ], "texture": "color" },
        "east":  { "uv": [ 6.5, 5, 9.5, 7 ], "texture": "color" }
    }
},
{
    "from": [ -1.8125, 0, 6.6875 ],
    "to": [ 0.1875, 1, 9.3125 ],
    "rotation": { "origin": [ -1.8125, 1, 6.6875 ], "axis": "z", "angle": 22.5 },
    "faces": {
        "down":  { "uv": [ 16, 9.5, 16, 6.5 ], "texture": "color" },
        "up":    { "uv": [ 0, 6.5, 0, 9.5 ], "texture": "color" },
        "north": { "uv": [ 16, 5, 16, 7 ], "texture": "color" },
        "south": { "uv": [ 0, 5, 0, 7 ], "texture": "color" },
        "west":  { "uv": [ 6.5, 5, 9.5, 7 ], "texture": "color" },
        "east":  { "uv": [ 6.5, 5, 9.5, 7 ], "texture": "color" }
    }
},
{
    "from": [ -0.125, -1.1875, 6.6875 ],
    "to": [ 4.875, -0.1875, 9.3125 ],
    "faces": {
        "down":  { "uv": [ 16, 9.5, 16, 6.5 ], "texture": "color" },
        "up":    { "uv": [ 0, 6.5, 0, 9.5 ], "texture": "color" },
        "north": { "uv": [ 16, 5, 16, 7 ], "texture": "color" },
        "south": { "uv": [ 0, 5, 0, 7 ], "texture": "color" },
        "west":  { "uv": [ 6.5, 5, 9.5, 7 ], "texture": "color" },
        "east":  { "uv": [ 6.5, 5, 9.5, 7 ], "texture": "color" }
    }
},
{
    "from": [ 5, -1.3125, 6.6875 ],
    "to": [ 8.4375, 9, 9.3125 ],
    "rotation": { "origin": [ 5, 9, 6.6875 ], "axis": "z", "angle": -22.5 },
    "faces": {
        "down":  { "uv": [ 16, 9.5, 16, 6.5 ], "texture": "color" },
        "up":    { "uv": [ 0, 6.5, 0, 9.5 ], "texture": "color" },
        "north": { "uv": [ 15.5, 9, 16, 11 ], "texture": "color" },
        "south": { "uv": [ 15.5, 9, 16, 11 ], "texture": "color" },
        "west":  { "uv": [ 6.5, 5, 9.5, 7 ], "texture": "color" },
        "east":  { "uv": [ 6.5, 5, 9.5, 7 ], "texture": "color" }
    }
},
{
    "from": [ 0.4375, 1, 6.6875 ],
    "to": [ 3.4375, 3, 9.3125 ],
    "faces": {
        "down":  { "uv": [ 16, 9.5, 16, 6.5 ], "texture": "color" },
        "up":    { "uv": [ 0, 6.5, 0, 9.5 ], "texture": "color" },
        "north": { "uv": [ 16, 5, 16, 7 ], "texture": "color" },
        "south": { "uv": [ 0, 5, 0, 7 ], "texture": "color" },
        "west":  { "uv": [ 6.5, 5, 9.5, 7 ], "texture": "color" },
        "east":  { "uv": [ 6.5, 5, 9.5, 7 ], "texture": "color" }
    }
},
{
    "from": [ 0.4375, 12.5, 6.8125 ],
    "to": [ 0.9375, 13, 7 ],
    "faces": {
        "down":  { "uv": [ 15.5625, 7, 15.0625, 6.8125 ], "texture": "color" },
        "up":    { "uv": [ 0.4375, 6.8125, 0.9375, 7 ], "texture": "color" },
        "north": { "uv": [ 15.0625, 3, 15.5625, 3.5 ], "texture": "color" },
        "south": { "uv": [ 0.4375, 3, 0.9375, 3.5 ], "texture": "color" },
        "west":  { "uv": [ 6.8125, 3, 7, 3.5 ], "texture": "color" },
        "east":  { "uv": [ 9, 3, 9.1875, 3.5 ], "texture": "color" }
    }
},
{
    "from": [ 3, 12.25, 6.8125 ],
    "to": [ 7, 12.75, 9.1875 ],
    "faces": {
        "down":  { "uv": [ 13, 9.1875, 9, 6.8125 ], "texture": "color" },
        "up":    { "uv": [ 3, 6.8125, 7, 9.1875 ], "texture": "color" },
        "north": { "uv": [ 9, 3.25, 13, 3.75 ], "texture": "color" },
        "south": { "uv": [ 3, 3.25, 7, 3.75 ], "texture": "color" },
        "west":  { "uv": [ 15.5, 9, 16, 10.5 ], "texture": "color" },
        "east":  { "uv": [ 15.5, 9, 16, 10.5 ], "texture": "color" }
    }
},
{
    "from": [ 12, 4, 7.5 ],
    "to": [ 12.5, 7, 8.5 ],
    "faces": {
        "down":  { "uv": [ 15.5, 9, 16, 10 ], "texture": "color" },
        "up":    { "uv": [ 15.5, 9, 16, 10 ], "texture": "color" },
        "north": { "uv": [ 15.5, 8.5, 16, 11.5 ], "texture": "color" },
        "south": { "uv": [ 15.5, 8.5, 16, 11.5 ], "texture": "color" },
        "west":  { "uv": [ 15, 9, 16, 12 ], "texture": "color" },
        "east":  { "uv": [ 15, 9, 16, 12 ], "texture": "color" }
    }
},
{
    "from": [ 7.375, 3.375, 7.5 ],
    "to": [ 10.875, 3.75, 8.5 ],
    "faces": {
        "down":  { "uv": [ 15, 9, 16, 10 ], "texture": "color" },
        "up":    { "uv": [ 15, 9, 16, 10 ], "texture": "color" },
        "north": { "uv": [ 15, 9, 16, 9.5 ], "texture": "color" },
        "south": { "uv": [ 15, 9, 16, 9.5 ], "texture": "color" },
        "west":  { "uv": [ 15, 9, 16, 9.375 ], "texture": "color" },
        "east":  { "uv": [ 15, 9, 16, 9.375 ], "texture": "color" }
    }
},
{
    "from": [ 10.6875, 3.3125, 7.5 ],
    "to": [ 12.4375, 3.6875, 8.5 ],
    "rotation": { "origin": [ 10.6875, 3.6875, 7.5 ], "axis": "z", "angle": 22.5 },
    "faces": {
        "down":  { "uv": [ 15.5, 9, 16, 12 ], "texture": "color" },
        "up":    { "uv": [ 15.5, 9, 16, 12 ], "texture": "color" },
        "north": { "uv": [ 15.5, 9, 16, 11 ], "texture": "color" },
        "south": { "uv": [ 15.5, 9, 16, 11 ], "texture": "color" },
        "west":  { "uv": [ 15.5, 9, 16, 11 ], "texture": "color" },
        "east":  { "uv": [ 15.5, 9, 16, 11 ], "texture": "color" }
    }
},
{
    "from": [ 12.25, 6.6875, 7.5 ],
    "to": [ 13.75, 8.1875, 8.5 ],
    "rotation": { "origin": [ 12.25, 8.1875, 7.5 ], "axis": "z", "angle": -45 },
    "faces": {
        "down":  { "uv": [ 15.5, 8.5, 16, 10 ], "texture": "color" },
        "up":    { "uv": [ 15.5, 8.5, 16, 10 ], "texture": "color" },
        "north": { "uv": [ 15.5, 9, 16, 10.5 ], "texture": "color" },
        "south": { "uv": [ 15.5, 9, 16, 10.5 ], "texture": "color" },
        "west":  { "uv": [ 15.5, 9, 16, 10.5 ], "texture": "color" },
        "east":  { "uv": [ 15.5, 9, 16, 10.5 ], "texture": "color" }
    }
},
{
    "from": [ 6.625, 3.6875, 7.5 ],
    "to": [ 7.5625, 4.0625, 8.5 ],
    "rotation": { "origin": [ 6.625, 4.0625, 7.5 ], "axis": "z", "angle": -22.5 },
    "faces": {
        "down":  { "uv": [ 15.0625, 9, 16, 10 ], "texture": "color" },
        "up":    { "uv": [ 15.0625, 9, 16, 10 ], "texture": "color" },
        "north": { "uv": [ 15.0625, 9, 16, 9.375 ], "texture": "color" },
        "south": { "uv": [ 15.0625, 9, 16, 9.375 ], "texture": "color" },
        "west":  { "uv": [ 15, 9, 16, 9.375 ], "texture": "color" },
        "east":  { "uv": [ 15, 9, 16, 9.375 ], "texture": "color" }
    }
},
{
    "from": [ 6.125, 3.4375, 7.5 ],
    "to": [ 6.625, 4.4375, 8.5 ],
    "rotation": { "origin": [ 6.125, 4.4375, 7.5 ], "axis": "z", "angle": 22.5 },
    "faces": {
        "down":  { "uv": [ 16, 10.5, 15, 9.5 ], "texture": "color" },
        "up":    { "uv": [ 15, 9.5, 16, 10.5 ], "texture": "color" },
        "north": { "uv": [ 15, 8.5, 16, 9.5 ], "texture": "color" },
        "south": { "uv": [ 15, 8.5, 16, 9.5 ], "texture": "color" },
        "west":  { "uv": [ 14.5, 9, 15.5, 10 ], "texture": "color" },
        "east":  { "uv": [ 15, 8.5, 16, 9.5 ], "texture": "color" }
    }
},
{
    "from": [ 6.4375, 3.875, 7.5 ],
    "to": [ 6.9375, 4.875, 8.5 ],
    "faces": {
        "down":  { "uv": [ 16, 8, 15, 7 ], "texture": "color" },
        "up":    { "uv": [ 15, 9, 16, 10 ], "texture": "color" },
        "north": { "uv": [ 15, 9, 16, 10 ], "texture": "color" },
        "south": { "uv": [ 15, 9.5, 16, 10.5 ], "texture": "color" },
        "west":  { "uv": [ 15, 9.5, 16, 10.5 ], "texture": "color" },
        "east":  { "uv": [ 15, 9.5, 16, 10.5 ], "texture": "color" }
    }
},
{
    "from": [ 3.6875, 11.625, 7.25 ],
    "to": [ 25.3125, 12.3125, 8.75 ],
    "faces": {
        "down":  { "uv": [ 3.6875, 0, 16, 1.5 ], "texture": "color" },
        "up":    { "uv": [ 3.6875, 0, 16, 1.5 ], "texture": "color" },
        "north": { "uv": [ 3.6875, 0, 16, 0.6875 ], "texture": "color" },
        "south": { "uv": [ 3.6875, 0, 16, 0.6875 ], "texture": "color" },
        "west":  { "uv": [ 15.5, 9, 16, 10.5 ], "texture": "color" },
        "east":  { "uv": [ 15.5, 9, 16, 10.5 ], "texture": "color" }
    }
},
{
    "from": [ 3.6875, 11.5, 7.5625 ],
    "to": [ 25.3125, 12, 8.0625 ],
    "rotation": { "origin": [ 3.6875, 12, 7.5625 ], "axis": "x", "angle": 45 },
    "faces": {
        "down":  { "uv": [ 0, 5.5, 12, 6 ], "texture": "color" },
        "up":    { "uv": [ 0, 5.5, 12, 6 ], "texture": "color" },
        "north": { "uv": [ 0, 6, 12.3125, 6.5 ], "texture": "color" },
        "south": { "uv": [ 0, 6, 12.3125, 6.5 ], "texture": "color" },
        "west":  { "uv": [ 7.5, 4.5, 9.0625, 5 ], "texture": "color" },
        "east":  { "uv": [ 6.9375, 4.5, 8.5, 5 ], "texture": "color" }
    }
},
{
    "from": [ 3.6875, 11.125, 8 ],
    "to": [ 25.3125, 11.625, 8.5 ],
    "rotation": { "origin": [ 3.6875, 11.625, 8 ], "axis": "x", "angle": -45 },
    "faces": {
        "down":  { "uv": [ 12.3125, 6, 0, 5.5 ], "texture": "color" },
        "up":    { "uv": [ 0, 6, 12.3125, 6.5 ], "texture": "color" },
        "north": { "uv": [ 0, 6, 12.3125, 6.5 ], "texture": "color" },
        "south": { "uv": [ 0, 6, 12.3125, 6.5 ], "texture": "color" },
        "west":  { "uv": [ 15.5, 9, 16, 9.5 ], "texture": "color" },
        "east":  { "uv": [ 15.5, 9, 16, 9.5 ], "texture": "color" }
    }
},
{
    "from": [ 3.6875, 11.8125, 8 ],
    "to": [ 25.3125, 12.3125, 8.5 ],
    "rotation": { "origin": [ 3.6875, 12.3125, 8 ], "axis": "x", "angle": -45 },
    "faces": {
        "down":  { "uv": [ 12.3125, 10.5, 0, 10 ], "texture": "color" },
        "up":    { "uv": [ 3.6875, 10, 16, 10.5 ], "texture": "color" },
        "north": { "uv": [ 0, 3, 12.3125, 3.5 ], "texture": "color" },
        "south": { "uv": [ 3.6875, 3, 16, 3.5 ], "texture": "color" },
        "west":  { "uv": [ 15.5, 9, 16, 9.5 ], "texture": "color" },
        "east":  { "uv": [ 15.5, 9, 16, 9.5 ], "texture": "color" }
    }
},
{
    "from": [ 3.6875, 11.8125, 7.25 ],
    "to": [ 25.3125, 12.3125, 7.75 ],
    "rotation": { "origin": [ 3.6875, 12.3125, 7.25 ], "axis": "x", "angle": -45 },
    "faces": {
        "down":  { "uv": [ 12.3125, 10, 0, 9.5 ], "texture": "color" },
        "up":    { "uv": [ 3.6875, 9.5, 16, 10 ], "texture": "color" },
        "north": { "uv": [ 0, 3.5, 12.3125, 4 ], "texture": "color" },
        "south": { "uv": [ 3.6875, 3.5, 16, 4 ], "texture": "color" },
        "west":  { "uv": [ 9.5, 3.5, 10, 4 ], "texture": "color" },
        "east":  { "uv": [ 6, 3.5, 6.5, 4 ], "texture": "color" }
    }
},
{
    "from": [ 22.875, 12, 7.1875 ],
    "to": [ 24.5625, 13, 8.75 ],
    "faces": {
        "down":  { "uv": [ 0, 8.75, 0, 7.1875 ], "texture": "color" },
        "up":    { "uv": [ 16, 7.1875, 16, 8.75 ], "texture": "color" },
        "north": { "uv": [ 0, 3, 0, 4 ], "texture": "color" },
        "south": { "uv": [ 16, 3, 16, 4 ], "texture": "color" },
        "west":  { "uv": [ 7.1875, 3, 8.75, 4 ], "texture": "color" },
        "east":  { "uv": [ 7.25, 3, 8.8125, 4 ], "texture": "color" }
    }
},
{
    "from": [ 22.875, 12.125, 8.375 ],
    "to": [ 24.5625, 12.625, 8.875 ],
    "rotation": { "origin": [ 22.875, 12.625, 8.375 ], "axis": "x", "angle": -45 },
    "faces": {
        "down":  { "uv": [ 0, 10.5, 0, 10 ], "texture": "color" },
        "up":    { "uv": [ 16, 10, 16, 10.5 ], "texture": "color" },
        "north": { "uv": [ 0, 3.5, 0, 4 ], "texture": "color" },
        "south": { "uv": [ 16, 3.5, 16, 4 ], "texture": "color" },
        "west":  { "uv": [ 10, 3.5, 10.5, 4 ], "texture": "color" },
        "east":  { "uv": [ 5.5, 3.5, 6, 4 ], "texture": "color" }
    }
},
{
    "from": [ 22.875, 12.5, 7.1875 ],
    "to": [ 24.5625, 13, 7.6875 ],
    "rotation": { "origin": [ 22.875, 13, 7.1875 ], "axis": "x", "angle": 45 },
    "faces": {
        "down":  { "uv": [ 0, 11, 0, 10.5 ], "texture": "color" },
        "up":    { "uv": [ 16, 10.5, 16, 11 ], "texture": "color" },
        "north": { "uv": [ 0, 3, 0, 3.5 ], "texture": "color" },
        "south": { "uv": [ 16, 3, 16, 3.5 ], "texture": "color" },
        "west":  { "uv": [ 10.5, 3, 11, 3.5 ], "texture": "color" },
        "east":  { "uv": [ 5, 3, 5.5, 3.5 ], "texture": "color" }
    }
},
{
    "from": [ 23.5625, 8.25, 7.75 ],
    "to": [ 24.5625, 9, 8.25 ],
    "faces": {
        "down":  { "uv": [ 15.5, 9, 16, 9.5 ], "texture": "color" },
        "up":    { "uv": [ 15.5, 9, 16, 9.5 ], "texture": "color" },
        "north": { "uv": [ 15.5, 9, 16, 9.75 ], "texture": "color" },
        "south": { "uv": [ 15.5, 9, 16, 9.75 ], "texture": "color" },
        "west":  { "uv": [ 15.5, 9, 16, 9.75 ], "texture": "color" },
        "east":  { "uv": [ 15.5, 9, 16, 9.75 ], "texture": "color" }
    }
},
{
    "from": [ 23.5625, 8.125, 7.875 ],
    "to": [ 24.5625, 8.625, 8.375 ],
    "rotation": { "origin": [ 23.5625, 8.625, 7.875 ], "axis": "x", "angle": -45 },
    "faces": {
        "down":  { "uv": [ 0, 9.5, 0, 9 ], "texture": "color" },
        "up":    { "uv": [ 16, 9, 16, 9.5 ], "texture": "color" },
        "north": { "uv": [ 0, 6.5, 0, 7 ], "texture": "color" },
        "south": { "uv": [ 16, 6.5, 16, 7 ], "texture": "color" },
        "west":  { "uv": [ 9, 6.5, 9.5, 7 ], "texture": "color" },
        "east":  { "uv": [ 6.5, 6.5, 7, 7 ], "texture": "color" }
    }
},
{
    "from": [ 23.5625, 8.125, 7.375 ],
    "to": [ 24.5625, 8.625, 7.875 ],
    "rotation": { "origin": [ 23.5625, 8.625, 7.375 ], "axis": "x", "angle": -45 },
    "faces": {
        "down":  { "uv": [ 0, 6.5, 0, 6 ], "texture": "color" },
        "up":    { "uv": [ 16, 6, 16, 6.5 ], "texture": "color" },
        "north": { "uv": [ 0, 6, 0, 6.5 ], "texture": "color" },
        "south": { "uv": [ 16, 6, 16, 6.5 ], "texture": "color" },
        "west":  { "uv": [ 6, 6, 6.5, 6.5 ], "texture": "color" },
        "east":  { "uv": [ 9.5, 6, 10, 6.5 ], "texture": "color" }
    }
},
{
    "from": [ 23.5625, 8.625, 7.375 ],
    "to": [ 24.5625, 9, 8.625 ],
    "faces": {
        "down":  { "uv": [ 15.5, 9, 16, 10.25 ], "texture": "color" },
        "up":    { "uv": [ 15.5, 9, 16, 10.25 ], "texture": "color" },
        "north": { "uv": [ 15.5, 9, 16, 9.5 ], "texture": "color" },
        "south": { "uv": [ 15.5, 9, 16, 9.5 ], "texture": "color" },
        "west":  { "uv": [ 15, 9.5, 16, 10.5 ], "texture": "color" },
        "east":  { "uv": [ 15, 9.5, 16, 10.5 ], "texture": "color" }
    }
},
{
    "from": [ -2.5, 8.5, 7.75 ],
    "to": [ -1, 10.5, 8.25 ],
    "rotation": { "origin": [ -2.5, 10.5, 7.75 ], "axis": "z", "angle": 45 },
    "faces": {
        "down":  { "uv": [ 15, 0, 16, 2 ], "texture": "color" },
        "up":    { "uv": [ 15, 0, 16, 2 ], "texture": "color" },
        "north": { "uv": [ 9, 0, 12.5, 2 ], "texture": "color" },
        "south": { "uv": [ 9, 0, 12.5, 2 ], "texture": "color" },
        "west":  { "uv": [ 7.75, 0, 8.25, 2 ], "texture": "color" },
        "east":  { "uv": [ 7.75, 0, 8.25, 2 ], "texture": "color" }
    }
},
{
    "from": [ 2, -0.5, 6.5 ],
    "to": [ 7, 8.5, 9.5 ],
    "rotation": { "origin": [ 2, 8.5, 6.5 ], "axis": "z", "angle": -22.5 },
    "faces": {
        "down":  { "uv": [ 12, 8, 13, 9 ], "texture": "color" },
        "up":    { "uv": [ 12, 8, 13, 9 ], "texture": "color" },
        "north": { "uv": [ 12, 8, 13, 9 ], "texture": "color" },
        "south": { "uv": [ 12, 8, 13, 9 ], "texture": "color" },
        "west":  { "uv": [ 12, 8, 13, 9 ], "texture": "color" },
        "east":  { "uv": [ 12, 8, 13, 9 ], "texture": "color" }
    }
},
{
    "from": [ 1.875, 6.5625, 6.5 ],
    "to": [ 6.5625, 8.1875, 9.5 ],
    "faces": {
        "down":  { "uv": [ 12, 8, 13, 9 ], "texture": "color" },
        "up":    { "uv": [ 12, 8, 13, 9 ], "texture": "color" },
        "north": { "uv": [ 12, 8, 13, 9 ], "texture": "color" },
        "south": { "uv": [ 12, 8, 13, 9 ], "texture": "color" },
        "west":  { "uv": [ 12, 8, 13, 9 ], "texture": "color" },
        "east":  { "uv": [ 12, 8, 13, 9 ], "texture": "color" }
    }
},
{
    "from": [ -1.4375, -1.3125, 6.5 ],
    "to": [ 3.375, 0.1875, 9.5 ],
    "faces": {
        "down":  { "uv": [ 12, 8, 13, 9 ], "texture": "color" },
        "up":    { "uv": [ 12, 8, 13, 9 ], "texture": "color" },
        "north": { "uv": [ 12, 8, 13, 9 ], "texture": "color" },
        "south": { "uv": [ 12, 8, 13, 9 ], "texture": "color" },
        "west":  { "uv": [ 12, 8, 13, 9 ], "texture": "color" },
        "east":  { "uv": [ 12, 8, 13, 9 ], "texture": "color" }
    }
},
{
    "from": [ -1.4375, -1.75, 6.5 ],
    "to": [ 3.125, -0.75, 9.5 ],
    "faces": {
        "down":  { "uv": [ 16, 10, 13, 6.5 ], "texture": "color" },
        "up":    { "uv": [ 0, 6.5, 3, 10 ], "texture": "color" },
        "north": { "uv": [ 13, 0, 16, 10 ], "texture": "color" },
        "south": { "uv": [ 0, 0, 3, 10 ], "texture": "color" },
        "west":  { "uv": [ 6.5, 0, 10, 10 ], "texture": "color" },
        "east":  { "uv": [ 6, 0, 9.5, 10 ], "texture": "color" }
    }
},
{
    "from": [ 2, 7.5, 6.5 ],
    "to": [ 6.5625, 8.5, 9.5 ],
    "faces": {
        "down":  { "uv": [ 13, 9, 12, 8 ], "texture": "color" },
        "up":    { "uv": [ 12, 8, 13, 9 ], "texture": "color" },
        "north": { "uv": [ 12, 8, 13, 9 ], "texture": "color" },
        "south": { "uv": [ 12, 8, 13, 9 ], "texture": "color" },
        "west":  { "uv": [ 12, 8, 13, 9 ], "texture": "color" },
        "east":  { "uv": [ 12, 8, 13, 9 ], "texture": "color" }
    }
},
{
    "from": [ 1, 7.6875, 6.6875 ],
    "to": [ 8.125, 9, 9.3125 ],
    "faces": {
        "down":  { "uv": [ 16, 9.5, 16, 6.5 ], "texture": "color" },
        "up":    { "uv": [ 0, 6.5, 0, 9.5 ], "texture": "color" },
        "north": { "uv": [ 15.5, 9, 16, 11 ], "texture": "color" },
        "south": { "uv": [ 15.5, 9, 16, 11 ], "texture": "color" },
        "west":  { "uv": [ 6.5, 5, 9.5, 7 ], "texture": "color" },
        "east":  { "uv": [ 6.5, 5, 9.5, 7 ], "texture": "color" }
    }
},
{
    "from": [ -2.4375, 8.125, 6.6875 ],
    "to": [ -1.4375, 9.125, 9.3125 ],
    "rotation": { "origin": [ -2.4375, 9.125, 6.6875 ], "axis": "z", "angle": 22.5 },
    "faces": {
        "down":  { "uv": [ 11.5, 7, 15, 9 ], "texture": "color" },
        "up":    { "uv": [ 11.5, 7, 15, 9 ], "texture": "color" },
        "north": { "uv": [ 12, 8, 15, 9 ], "texture": "color" },
        "south": { "uv": [ 12, 8, 15, 9 ], "texture": "color" },
        "west":  { "uv": [ 6.5, 5, 9.5, 7 ], "texture": "color" },
        "east":  { "uv": [ 6.5, 5, 9.5, 7 ], "texture": "color" }
    }
},
{
    "from": [ -2.8125, 10.3125, 7.75 ],
    "to": [ -1.8125, 10.8125, 8.25 ],
    "rotation": { "origin": [ -2.8125, 10.8125, 7.75 ], "axis": "z", "angle": 45 },
    "faces": {
        "down":  { "uv": [ 15.5, 0, 16, 0.5 ], "texture": "color" },
        "up":    { "uv": [ 15.5, 0, 16, 0.5 ], "texture": "color" },
        "north": { "uv": [ 15.5, 0, 16, 2 ], "texture": "color" },
        "south": { "uv": [ 15.5, 0, 16, 2 ], "texture": "color" },
        "west":  { "uv": [ 7.75, 0, 8.25, 2 ], "texture": "color" },
        "east":  { "uv": [ 7.75, 0, 8.25, 2 ], "texture": "color" }
    }
},
{
    "from": [ 1, 11.5, 8.5 ],
    "to": [ 1.5, 12.5, 9.5 ],
    "faces": {
        "down":  { "uv": [ 15.5, 0, 16, 1 ], "texture": "color" },
        "up":    { "uv": [ 15.5, 0, 16, 1 ], "texture": "color" },
        "north": { "uv": [ 15.5, 0, 16, 1 ], "texture": "color" },
        "south": { "uv": [ 15.5, 0, 16, 1 ], "texture": "color" },
        "west":  { "uv": [ 15.5, 0, 16, 1 ], "texture": "color" },
        "east":  { "uv": [ 15.5, 0, 16, 1 ], "texture": "color" }
    }
},
{
    "from": [ 0.5625, 11.5, 8.5 ],
    "to": [ 2, 12.0625, 9.5 ],
    "faces": {
        "down":  { "uv": [ 15.5, 0, 16, 1 ], "texture": "color" },
        "up":    { "uv": [ 15.5, 0, 16, 1 ], "texture": "color" },
        "north": { "uv": [ 15.5, 0, 16, 1 ], "texture": "color" },
        "south": { "uv": [ 15.5, 0, 16, 1 ], "texture": "color" },
        "west":  { "uv": [ 15.5, 0, 16, 1 ], "texture": "color" },
        "east":  { "uv": [ 15.5, 0, 16, 1 ], "texture": "color" }
    }
},
{
    "from": [ 1, 11.875, 8.5 ],
    "to": [ 1.5625, 12.5, 9.5 ],
    "rotation": { "origin": [ 1, 12.5, 8.5 ], "axis": "z", "angle": -45 },
    "faces": {
        "down":  { "uv": [ 15.5, 0, 16, 0.5 ], "texture": "color" },
        "up":    { "uv": [ 15.5, 0, 16, 0.5 ], "texture": "color" },
        "north": { "uv": [ 15.5, 0, 16, 0.5 ], "texture": "color" },
        "south": { "uv": [ 15.5, 0, 16, 0.5 ], "texture": "color" },
        "west":  { "uv": [ 15.5, 0, 16, 0.5 ], "texture": "color" },
        "east":  { "uv": [ 15.5, 0, 16, 0.5 ], "texture": "color" }
    }
},
{
    "from": [ 1.125, 11.4375, 8.5 ],
    "to": [ 1.6875, 12.0625, 9.5 ],
    "rotation": { "origin": [ 1.125, 12.0625, 8.5 ], "axis": "z", "angle": 45 },
    "faces": {
        "down":  { "uv": [ 15.5, 0, 16, 0.5 ], "texture": "color" },
        "up":    { "uv": [ 15.5, 0, 16, 0.5 ], "texture": "color" },
        "north": { "uv": [ 15.5, 0, 16, 0.5 ], "texture": "color" },
        "south": { "uv": [ 15.5, 0, 16, 0.5 ], "texture": "color" },
        "west":  { "uv": [ 15.5, 0, 16, 0.5 ], "texture": "color" },
        "east":  { "uv": [ 15.5, 0, 16, 0.5 ], "texture": "color" }
    }
},
{
    "from": [ 1, 13.3125, 8.125 ],
    "to": [ 2.125, 13.4375, 8.6875 ],
    "faces": {
        "down":  { "uv": [ 14.875, 0, 16, 0.5625 ], "texture": "color" },
        "up":    { "uv": [ 14.875, 0, 16, 0.5625 ], "texture": "color" },
        "north": { "uv": [ 14.875, 0, 16, 0.5 ], "texture": "color" },
        "south": { "uv": [ 14.875, 0, 16, 0.5 ], "texture": "color" },
        "west":  { "uv": [ 15.4375, 0, 16, 0.5 ], "texture": "color" },
        "east":  { "uv": [ 15.4375, 0, 16, 0.5 ], "texture": "color" }
    }
},
{
    "from": [ 3.5, 7.1875, 6.4375 ],
    "to": [ 4.5, 8.1875, 9.5625 ],
    "faces": {
        "down":  { "uv": [ 12, 8, 13, 9 ], "texture": "color" },
        "up":    { "uv": [ 12, 8, 13, 9 ], "texture": "color" },
        "north": { "uv": [ 10, 3, 13, 6 ], "texture": "color" },
        "south": { "uv": [ 10, 3, 13, 6 ], "texture": "color" },
        "west":  { "uv": [ 12, 8, 13, 9 ], "texture": "color" },
        "east":  { "uv": [ 12, 8, 13, 9 ], "texture": "color" }
    }
},
{
    "from": [ 0.5, -1.5, 6.4375 ],
    "to": [ 1.5, -0.5, 9.5625 ],
    "faces": {
        "down":  { "uv": [ 12, 8, 13, 9 ], "texture": "color" },
        "up":    { "uv": [ 12, 8, 13, 9 ], "texture": "color" },
        "north": { "uv": [ 10, 3, 13, 6 ], "texture": "color" },
        "south": { "uv": [ 10, 3, 13, 6 ], "texture": "color" },
        "west":  { "uv": [ 12, 8, 13, 9 ], "texture": "color" },
        "east":  { "uv": [ 12, 8, 13, 9 ], "texture": "color" }
    }
},
{
    "from": [ 5.5, 4, 6.4375 ],
    "to": [ 6.5, 5, 9.5625 ],
    "rotation": { "origin": [ 5.5, 5, 6.4375 ], "axis": "z", "angle": -22.5 },
    "faces": {
        "down":  { "uv": [ 12, 8, 13, 9 ], "texture": "color" },
        "up":    { "uv": [ 12, 8, 13, 9 ], "texture": "color" },
        "north": { "uv": [ 10, 3, 13, 6 ], "texture": "color" },
        "south": { "uv": [ 10, 3, 13, 6 ], "texture": "color" },
        "west":  { "uv": [ 12, 8, 13, 9 ], "texture": "color" },
        "east":  { "uv": [ 12, 8, 13, 9 ], "texture": "color" }
    }
},
{
    "from": [ -3, -2.625, 6.6875 ],
    "to": [ 4, -1.625, 9.3125 ],
    "faces": {
        "down":  { "uv": [ 16, 9.5, 16, 6.5 ], "texture": "color" },
        "up":    { "uv": [ 0, 6.5, 0, 9.5 ], "texture": "color" },
        "north": { "uv": [ 16, 5, 16, 7 ], "texture": "color" },
        "south": { "uv": [ 0, 5, 0, 7 ], "texture": "color" },
        "west":  { "uv": [ 6.5, 5, 9.5, 7 ], "texture": "color" },
        "east":  { "uv": [ 6.5, 5, 9.5, 7 ], "texture": "color" }
    }
},
{
    "from": [ 3.8125, -2.6875, 6.6875 ],
    "to": [ 4.8125, -2.1875, 9.3125 ],
    "rotation": { "origin": [ 3.8125, -2.1875, 6.6875 ], "axis": "z", "angle": 22.5 },
    "faces": {
        "down":  { "uv": [ 16, 9.5, 16, 6.5 ], "texture": "color" },
        "up":    { "uv": [ 0, 6.5, 0, 9.5 ], "texture": "color" },
        "north": { "uv": [ 16, 5, 16, 7 ], "texture": "color" },
        "south": { "uv": [ 0, 5, 0, 7 ], "texture": "color" },
        "west":  { "uv": [ 6.5, 5, 9.5, 7 ], "texture": "color" },
        "east":  { "uv": [ 6.5, 5, 9.5, 7 ], "texture": "color" }
    }
},
{
    "from": [ -3.125, -2.625, 6.6875 ],
    "to": [ -2.75, -2.25, 9.3125 ],
    "rotation": { "origin": [ -3.125, -2.25, 6.6875 ], "axis": "z", "angle": 22.5 },
    "faces": {
        "down":  { "uv": [ 16, 9.5, 16, 6.5 ], "texture": "color" },
        "up":    { "uv": [ 0, 6.5, 0, 9.5 ], "texture": "color" },
        "north": { "uv": [ 16, 5, 16, 7 ], "texture": "color" },
        "south": { "uv": [ 0, 5, 0, 7 ], "texture": "color" },
        "west":  { "uv": [ 6.5, 5, 9.5, 7 ], "texture": "color" },
        "east":  { "uv": [ 6.5, 5, 9.5, 7 ], "texture": "color" }
    }
},
{
    "from": [ 3, 9, 6.3125 ],
    "to": [ 3.4375, 11.5, 9.6875 ],
    "rotation": { "origin": [ 3, 11.5, 6.3125 ], "axis": "z", "angle": -22.5 },
    "faces": {
        "down":  { "uv": [ 16, 9.8125, 16, 6.3125 ], "texture": "color" },
        "up":    { "uv": [ 0, 6.3125, 0, 9.8125 ], "texture": "color" },
        "north": { "uv": [ 16, 4.5, 16, 7 ], "texture": "color" },
        "south": { "uv": [ 0, 4.5, 0, 7 ], "texture": "color" },
        "west":  { "uv": [ 6.3125, 4.5, 9.8125, 7 ], "texture": "color" },
        "east":  { "uv": [ 6.1875, 4.5, 9.6875, 7 ], "texture": "color" }
    }
},
{
    "from": [ 3.8125, 9, 6.3125 ],
    "to": [ 4.25, 11.5, 9.6875 ],
    "rotation": { "origin": [ 3.8125, 11.5, 6.3125 ], "axis": "z", "angle": -22.5 },
    "faces": {
        "down":  { "uv": [ 16, 9.8125, 16, 6.3125 ], "texture": "color" },
        "up":    { "uv": [ 0, 6.3125, 0, 9.8125 ], "texture": "color" },
        "north": { "uv": [ 16, 4.5, 16, 7 ], "texture": "color" },
        "south": { "uv": [ 0, 4.5, 0, 7 ], "texture": "color" },
        "west":  { "uv": [ 6.3125, 4.5, 9.8125, 7 ], "texture": "color" },
        "east":  { "uv": [ 6.1875, 4.5, 9.6875, 7 ], "texture": "color" }
    }
},
{
    "from": [ 4.625, 9, 6.3125 ],
    "to": [ 5.0625, 11.5, 9.6875 ],
    "rotation": { "origin": [ 4.625, 11.5, 6.3125 ], "axis": "z", "angle": -22.5 },
    "faces": {
        "down":  { "uv": [ 16, 9.8125, 16, 6.3125 ], "texture": "color" },
        "up":    { "uv": [ 0, 6.3125, 0, 9.8125 ], "texture": "color" },
        "north": { "uv": [ 16, 4.5, 16, 7 ], "texture": "color" },
        "south": { "uv": [ 0, 4.5, 0, 7 ], "texture": "color" },
        "west":  { "uv": [ 6.3125, 4.5, 9.8125, 7 ], "texture": "color" },
        "east":  { "uv": [ 6.1875, 4.5, 9.6875, 7 ], "texture": "color" }
    }
},
{
    "from": [ 5.5, 9, 6.3125 ],
    "to": [ 5.9375, 11.5, 9.6875 ],
    "rotation": { "origin": [ 5.5, 11.5, 6.3125 ], "axis": "z", "angle": -22.5 },
    "faces": {
        "down":  { "uv": [ 16, 9.8125, 16, 6.3125 ], "texture": "color" },
        "up":    { "uv": [ 0, 6.3125, 0, 9.8125 ], "texture": "color" },
        "north": { "uv": [ 16, 4.5, 16, 7 ], "texture": "color" },
        "south": { "uv": [ 0, 4.5, 0, 7 ], "texture": "color" },
        "west":  { "uv": [ 6.3125, 4.5, 9.8125, 7 ], "texture": "color" },
        "east":  { "uv": [ 6.1875, 4.5, 9.6875, 7 ], "texture": "color" }
    }
},
{
    "from": [ 6.375, 9, 6.3125 ],
    "to": [ 6.8125, 11.5, 9.6875 ],
    "rotation": { "origin": [ 6.375, 11.5, 6.3125 ], "axis": "z", "angle": -22.5 },
    "faces": {
        "down":  { "uv": [ 16, 9.8125, 16, 6.3125 ], "texture": "color" },
        "up":    { "uv": [ 0, 6.3125, 0, 9.8125 ], "texture": "color" },
        "north": { "uv": [ 16, 4.5, 16, 7 ], "texture": "color" },
        "south": { "uv": [ 0, 4.5, 0, 7 ], "texture": "color" },
        "west":  { "uv": [ 6.3125, 4.5, 9.8125, 7 ], "texture": "color" },
        "east":  { "uv": [ 6.1875, 4.5, 9.6875, 7 ], "texture": "color" }
    }
},
{
    "from": [ 7.25, 9, 6.3125 ],
    "to": [ 7.6875, 11.5, 9.6875 ],
    "rotation": { "origin": [ 7.25, 11.5, 6.3125 ], "axis": "z", "angle": -22.5 },
    "faces": {
        "down":  { "uv": [ 16, 9.8125, 16, 6.3125 ], "texture": "color" },
        "up":    { "uv": [ 0, 6.3125, 0, 9.8125 ], "texture": "color" },
        "north": { "uv": [ 16, 4.5, 16, 7 ], "texture": "color" },
        "south": { "uv": [ 0, 4.5, 0, 7 ], "texture": "color" },
        "west":  { "uv": [ 6.3125, 4.5, 9.8125, 7 ], "texture": "color" },
        "east":  { "uv": [ 6.1875, 4.5, 9.6875, 7 ], "texture": "color" }
    }
},
{
    "from": [ 8.5, 5.5, 7.5 ],
    "to": [ 9, 7, 8.5 ],
    "faces": {
        "down":  { "uv": [ 15.5, 8.5, 16, 9.5 ], "texture": "color" },
        "up":    { "uv": [ 15.5, 8.5, 16, 9.5 ], "texture": "color" },
        "north": { "uv": [ 15.5, 9, 16, 10.5 ], "texture": "color" },
        "south": { "uv": [ 15.5, 9, 16, 10.5 ], "texture": "color" },
        "west":  { "uv": [ 15, 9, 16, 10.5 ], "texture": "color" },
        "east":  { "uv": [ 15, 9, 16, 10.5 ], "texture": "color" }
    }
},
{
    "from": [ 8.5, 4, 7.5 ],
    "to": [ 9, 5.5, 8.5 ],
    "rotation": { "origin": [ 8.5, 5.5, 7.5 ], "axis": "z", "angle": 22.5 },
    "faces": {
        "down":  { "uv": [ 16, 9, 15.5, 8 ], "texture": "color" },
        "up":    { "uv": [ 15.5, 8.5, 16, 9.5 ], "texture": "color" },
        "north": { "uv": [ 15.5, 9, 16, 10.5 ], "texture": "color" },
        "south": { "uv": [ 15.5, 9, 16, 10.5 ], "texture": "color" },
        "west":  { "uv": [ 15, 9, 16, 10.5 ], "texture": "color" },
        "east":  { "uv": [ 15, 9, 16, 10.5 ], "texture": "color" }
    }
}
],
"display": {
      "fixed": {
        "rotation": [ 0, 0, 0 ],
        "translation": [ -2, -0.1, -0.7 ],
        "scale": [ 0.8, 0.8, 0.8 ]
    },
      "thirdperson": {
        "rotation": [ -180, 90, -90 ],
        "translation": [ 0, 2.5, -1.9 ],
        "scale": [ 0.5, 0.5, 0.5 ]
    },
    "firstperson": {
        "rotation": [ 0, 32, 0 ],
        "translation": [ -3.1, 5.6, -2.1 ],
        "scale": [ 0.82, 0.82, 0.82 ]
    },
    "gui": {
        "rotation": [ 30, -30, 40 ],
        "translation": [ 0, 0, -1.1 ],
        "scale": [ 0.8, 0.8, 0.8 ]
    }
}
}

