{
	"__comment": "© 2015 Scoat2 (Y.Hartzell). All rights reserved.",
	"ambientocclusion": false,
	"textures": {
	"texture": "guns/p90",
	"detail": "blocks/wool_colored_gray"
},
	"elements": [
	 {
    "from": [ 13.0625, 7.6875, 7.8125 ],
    "to": [ 14.6875, 8.1875, 8.25 ],
    "faces": {
        "down":  { "uv": [ 12.5, 14, 11, 15.5 ], "texture": "#texture" },
        "up":    { "uv": [ 11, 14, 13, 15.5 ], "texture": "#texture" },
        "north": { "uv": [ 11, 14, 13, 15.5 ], "texture": "#texture" },
        "south": { "uv": [ 11, 14, 13, 15.5 ], "texture": "#texture" },
        "west":  { "uv": [ 10, 14, 11.5, 15.5 ], "texture": "#texture" },
        "east":  { "uv": [ 10, 14, 11.5, 15.5 ], "texture": "#texture" }
    }
},
{
    "from": [ 2, 8.5, 7.5 ],
    "to": [ 5.4375, 9.1875, 8.5 ],
    "faces": {
        "down":  { "uv": [ 0, 2, 4.5, 3.5 ], "texture": "#texture" },
        "up":    { "uv": [ 0, 2, 4.5, 3.5 ], "texture": "#texture" },
        "north": { "uv": [ 0, 3.5, 4.5, 4.5 ], "texture": "#texture" },
        "south": { "uv": [ 0, 3.5, 4.5, 4.5 ], "texture": "#texture" },
        "west":  { "uv": [ 7.5, 2, 9, 2.5 ], "texture": "#texture" },
        "east":  { "uv": [ 7.5, 2, 9, 2.5 ], "texture": "#texture" }
    }
},
{
    "from": [ 2.0625, 5.6875, 7.5625 ],
    "to": [ 6, 7.5, 8.4375 ],
    "faces": {
        "down":  { "uv": [ 13.9375, 8.4375, 10, 7.5625 ], "texture": "#texture" },
        "up":    { "uv": [ 2.0625, 7.5625, 6, 8.4375 ], "texture": "#texture" },
        "north": { "uv": [ 0, 7, 4.5, 10 ], "texture": "#texture" },
        "south": { "uv": [ 0, 7, 4.5, 10 ], "texture": "#texture" },
        "west":  { "uv": [ 7.5625, 8.5, 8.4375, 10.3125 ], "texture": "#texture" },
        "east":  { "uv": [ 7.5625, 8.5, 8.4375, 10.3125 ], "texture": "#texture" }
    }
},
{
    "from": [ 2, 7.4375, 7.5 ],
    "to": [ 13.6875, 8.5, 8.5 ],
    "faces": {
        "down":  { "uv": [ 4.3125, 2, 16, 4 ], "texture": "#texture" },
        "up":    { "uv": [ 4.3125, 2, 16, 4 ], "texture": "#texture" },
        "north": { "uv": [ 16, 4.5, 0, 7 ], "texture": "#texture" },
        "south": { "uv": [ 0, 4.5, 16, 7 ], "texture": "#texture" },
        "west":  { "uv": [ 4.5, 2, 6, 4 ], "rotation": 90, "texture": "#texture" },
        "east":  { "uv": [ 4.5, 2, 6, 4 ], "rotation": 90, "texture": "#texture" }
    }
},
{
    "from": [ 5.4375, 6.375, 7.625 ],
    "to": [ 6.9375, 6.875, 8.375 ],
    "rotation": { "origin": [ 5.4375, 6.875, 7.625 ], "axis": "z", "angle": 45 },
    "faces": {
        "down":  { "uv": [ 12.5, 2, 14, 2.75 ], "texture": "#texture" },
        "up":    { "uv": [ 12.5, 2, 14, 2.75 ], "texture": "#texture" },
        "north": { "uv": [ 15, 14.5, 13, 16 ], "texture": "#texture" },
        "south": { "uv": [ 13, 14.5, 15, 16 ], "texture": "#texture" },
        "west":  { "uv": [ 9.5, 2, 10.25, 2.5 ], "texture": "#texture" },
        "east":  { "uv": [ 9.5, 2, 10.25, 2.5 ], "texture": "#texture" }
    }
},
{
    "from": [ 5.6875, 5.6875, 7.625 ],
    "to": [ 6.875, 6.25, 8.375 ],
    "rotation": { "origin": [ 5.6875, 6.25, 7.625 ], "axis": "z", "angle": -22.5 },
    "faces": {
        "down":  { "uv": [ 11.5, 2.5, 13.5625, 3.25 ], "texture": "#texture" },
        "up":    { "uv": [ 11.5, 2.5, 13.5625, 3.25 ], "texture": "#texture" },
        "north": { "uv": [ 16, 13.5, 13.5, 15 ], "texture": "#texture" },
        "south": { "uv": [ 13.5, 13.5, 16, 15 ], "texture": "#texture" },
        "west":  { "uv": [ 11, 3, 11.75, 3.4375 ], "texture": "#texture" },
        "east":  { "uv": [ 11, 3, 11.75, 3.4375 ], "texture": "#texture" }
    }
},
{
    "from": [ 6.3125, 5.25, 7.625 ],
    "to": [ 8.8125, 5.875, 8.375 ],
    "rotation": { "origin": [ 6.3125, 5.875, 7.625 ], "axis": "z", "angle": 22.5 },
    "faces": {
        "down":  { "uv": [ 9.5, 9.5, 11.5, 10.5 ], "texture": "#texture" },
        "up":    { "uv": [ 9.5, 9.5, 11.5, 10.5 ], "texture": "#texture" },
        "north": { "uv": [ 5, 13.5, 0, 15.5 ], "texture": "#texture" },
        "south": { "uv": [ 0, 13.5, 5, 15.5 ], "texture": "#texture" },
        "west":  { "uv": [ 10.5, 1.5, 11.25, 2.125 ], "texture": "#texture" },
        "east":  { "uv": [ 10.5, 1.5, 11.25, 2.125 ], "texture": "#texture" }
    }
},
{
    "from": [ 8.0625, 6, 7.625 ],
    "to": [ 8.75, 7.8125, 8.375 ],
    "rotation": { "origin": [ 8.0625, 7.8125, 7.625 ], "axis": "z", "angle": -22.5 },
    "faces": {
        "down":  { "uv": [ 13, 2.5, 14.4375, 3.25 ], "texture": "#texture" },
        "up":    { "uv": [ 13, 2.5, 14.4375, 3.25 ], "texture": "#texture" },
        "north": { "uv": [ 14, 11, 12.5, 13.5 ], "texture": "#texture" },
        "south": { "uv": [ 12.5, 11, 14, 13.5 ], "texture": "#texture" },
        "west":  { "uv": [ 9, 2.5, 9.75, 3.125 ], "texture": "#texture" },
        "east":  { "uv": [ 9, 2.5, 9.75, 3.125 ], "texture": "#texture" }
    }
},
{
    "from": [ 8, 6.3125, 7.625 ],
    "to": [ 8.9375, 7.5625, 8.375 ],
    "faces": {
        "down":  { "uv": [ 13.5, 2.5, 14.4375, 3.25 ], "texture": "#texture" },
        "up":    { "uv": [ 13.5, 2.5, 14.4375, 3.25 ], "texture": "#texture" },
        "north": { "uv": [ 5.5, 13.5, 4, 15.5 ], "texture": "#texture" },
        "south": { "uv": [ 4, 13.5, 5.5, 15.5 ], "texture": "#texture" },
        "west":  { "uv": [ 11, 2.5, 11.75, 3.75 ], "texture": "#texture" },
        "east":  { "uv": [ 11, 2.5, 11.75, 3.75 ], "texture": "#texture" }
    }
},
{
    "from": [ 8.5625, 6.875, 7.625 ],
    "to": [ 9.6875, 7.3125, 8.375 ],
    "rotation": { "origin": [ 8.5625, 7.3125, 7.625 ], "axis": "z", "angle": 45 },
    "faces": {
        "down":  { "uv": [ 13.5, 2.5, 14.625, 3.25 ], "texture": "#texture" },
        "up":    { "uv": [ 13.5, 2.5, 14.625, 3.25 ], "texture": "#texture" },
        "north": { "uv": [ 12.5, 11.5, 13, 12.5 ], "texture": "#texture" },
        "south": { "uv": [ 12.5, 11.5, 13, 12.5 ], "texture": "#texture" },
        "west":  { "uv": [ 11, 2.5, 11.75, 2.9375 ], "texture": "#texture" },
        "east":  { "uv": [ 11, 2.5, 11.75, 2.9375 ], "texture": "#texture" }
    }
},
{
    "from": [ 8.75, 6.5625, 7.625 ],
    "to": [ 9.8125, 7, 8.375 ],
    "rotation": { "origin": [ 8.75, 7, 7.625 ], "axis": "z", "angle": -45 },
    "faces": {
        "down":  { "uv": [ 11, 2, 12.0625, 2.75 ], "texture": "#texture" },
        "up":    { "uv": [ 11, 2, 12.0625, 2.75 ], "texture": "#texture" },
        "north": { "uv": [ 13, 13.5, 15.5, 14.5 ], "texture": "#texture" },
        "south": { "uv": [ 13, 13.5, 15.5, 14.5 ], "texture": "#texture" },
        "west":  { "uv": [ 8, 2, 8.75, 2.4375 ], "texture": "#texture" },
        "east":  { "uv": [ 8, 2, 8.75, 2.4375 ], "texture": "#texture" }
    }
},
{
    "from": [ 9.1875, 5.5, 7.625 ],
    "to": [ 10.25, 6.3125, 8.375 ],
    "faces": {
        "down":  { "uv": [ 11.5, 2.5, 12.5625, 3.25 ], "texture": "#texture" },
        "up":    { "uv": [ 11.5, 2.5, 12.5625, 3.25 ], "texture": "#texture" },
        "north": { "uv": [ 13, 13.5, 15.5, 15 ], "texture": "#texture" },
        "south": { "uv": [ 13, 13.5, 15.5, 15 ], "texture": "#texture" },
        "west":  { "uv": [ 9, 2.5, 9.75, 3.3125 ], "texture": "#texture" },
        "east":  { "uv": [ 9, 2.5, 9.75, 3.3125 ], "texture": "#texture" }
    }
},
{
    "from": [ 9.875, 5.375, 7.625 ],
    "to": [ 11.4375, 6.0625, 8.375 ],
    "rotation": { "origin": [ 9.875, 6.0625, 7.625 ], "axis": "z", "angle": 45 },
    "faces": {
        "down":  { "uv": [ 6, 8.375, 4.6875, 7.625 ], "texture": "#texture" },
        "up":    { "uv": [ 10, 7.625, 11.3125, 8.375 ], "texture": "#texture" },
        "north": { "uv": [ 3.5, 13.5, 1.5, 15 ], "texture": "#texture" },
        "south": { "uv": [ 1.5, 13.5, 3.5, 15 ], "texture": "#texture" },
        "west":  { "uv": [ 7.625, 9, 8.375, 9.5 ], "texture": "#texture" },
        "east":  { "uv": [ 7.625, 9, 8.375, 9.5 ], "texture": "#texture" }
    }
},
{
    "from": [ 10.25, 7.625, 7.625 ],
    "to": [ 11.8125, 8.5625, 8.375 ],
    "rotation": { "origin": [ 10.25, 8.5625, 7.625 ], "axis": "z", "angle": -45 },
    "faces": {
        "down":  { "uv": [ 14, 2, 15.125, 2.75 ], "texture": "#texture" },
        "up":    { "uv": [ 14, 2, 15.125, 2.75 ], "texture": "#texture" },
        "north": { "uv": [ 13, 14.5, 15.5, 16 ], "texture": "#texture" },
        "south": { "uv": [ 13, 14.5, 15.5, 16 ], "texture": "#texture" },
        "west":  { "uv": [ 7.5, 2.5, 8.25, 2.9375 ], "texture": "#texture" },
        "east":  { "uv": [ 7.5, 2.5, 8.25, 2.9375 ], "texture": "#texture" }
    }
},
{
    "from": [ 9.9375, 5.4375, 7.625 ],
    "to": [ 11.5625, 6.1875, 8.375 ],
    "rotation": { "origin": [ 9.9375, 6.1875, 7.625 ], "axis": "z", "angle": 22.5 },
    "faces": {
        "down":  { "uv": [ 12, 3, 13.375, 3.75 ], "texture": "#texture" },
        "up":    { "uv": [ 12, 3, 13.375, 3.75 ], "texture": "#texture" },
        "north": { "uv": [ 2.5, 13.5, 5, 15 ], "texture": "#texture" },
        "south": { "uv": [ 2.5, 13.5, 5, 15 ], "texture": "#texture" },
        "west":  { "uv": [ 9.5, 2.5, 10.25, 3.0625 ], "texture": "#texture" },
        "east":  { "uv": [ 9.5, 2.5, 10.25, 3.0625 ], "texture": "#texture" }
    }
},
{
    "from": [ 10.9375, 6.125, 7.625 ],
    "to": [ 11.8125, 7.625, 8.375 ],
    "faces": {
        "down":  { "uv": [ 13, 2, 13.875, 2.75 ], "texture": "#texture" },
        "up":    { "uv": [ 13, 2, 13.875, 2.75 ], "texture": "#texture" },
        "north": { "uv": [ 14.5, 11, 13, 13.5 ], "texture": "#texture" },
        "south": { "uv": [ 13, 11, 14.5, 13.5 ], "texture": "#texture" },
        "west":  { "uv": [ 9.5, 2, 10.25, 3.5 ], "texture": "#texture" },
        "east":  { "uv": [ 9.5, 2.5, 10.25, 4 ], "texture": "#texture" }
    }
},
{
    "from": [ 11.5, 7.0625, 7.625 ],
    "to": [ 13.625, 8.0625, 8.375 ],
    "faces": {
        "down":  { "uv": [ 11.5, 2.5, 14.5, 3.25 ], "texture": "#texture" },
        "up":    { "uv": [ 11.5, 2.5, 14.5, 3.25 ], "texture": "#texture" },
        "north": { "uv": [ 6.5, 2, 9.5, 3 ], "texture": "#texture" },
        "south": { "uv": [ 6.5, 2, 9.5, 3 ], "texture": "#texture" },
        "west":  { "uv": [ 8, 2.5, 8.75, 3.5 ], "texture": "#texture" },
        "east":  { "uv": [ 8, 2.5, 8.75, 3.5 ], "texture": "#texture" }
    }
},
{
    "from": [ 13.0625, 6.375, 7.6875 ],
    "to": [ 13.625, 7.5, 8.25 ],
    "faces": {
        "down":  { "uv": [ 13, 2.5, 13.5625, 3.0625 ], "texture": "#texture" },
        "up":    { "uv": [ 13, 2.5, 13.5625, 3.0625 ], "texture": "#texture" },
        "north": { "uv": [ 6.5, 13, 7.5, 15.5 ], "texture": "#texture" },
        "south": { "uv": [ 6.5, 13, 7.5, 15.5 ], "texture": "#texture" },
        "west":  { "uv": [ 5.5, 13, 6.5, 15.5 ], "texture": "#texture" },
        "east":  { "uv": [ 5.5, 13, 6.5, 15.5 ], "texture": "#texture" }
    }
},
{
    "from": [ 12.625, 8.5, 7.5 ],
    "to": [ 13.625, 9.5, 8.5 ],
    "faces": {
        "down":  { "uv": [ 9.5, 3, 9, 2.5 ], "texture": "#texture" },
        "up":    { "uv": [ 9.5, 3, 9, 2.5 ], "texture": "#texture" },
        "north": { "uv": [ 11, 5, 12.5, 6.5 ], "texture": "#texture" },
        "south": { "uv": [ 11, 5, 12.5, 6.5 ], "texture": "#texture" },
        "west":  { "uv": [ 5.5, 2.5, 6, 3 ], "texture": "#texture" },
        "east":  { "uv": [ 5.5, 2.5, 6, 3 ], "texture": "#texture" }
    }
},
{
    "from": [ 5.375, 8.5625, 7.6875 ],
    "to": [ 12.8125, 9, 8.3125 ],
    "faces": {
        "down":  { "uv": [ 0, 0, 16, 1 ], "texture": "#texture" },
        "up":    { "uv": [ 0, 0, 16, 1 ], "texture": "#texture" },
        "north": { "uv": [ 0, 1, 16, 2 ], "texture": "#texture" },
        "south": { "uv": [ 0, 1, 16, 2 ], "texture": "#texture" },
        "west":  { "uv": [ 0, 0, 0.625, 0.5625 ], "texture": "#texture" },
        "east":  { "uv": [ 0, 0, 0.625, 0.5625 ], "texture": "#texture" }
    }
},
{
    "from": [ 12.3125, 9.0625, 7.5 ],
    "to": [ 13.1875, 10.3125, 8.5 ],
    "rotation": { "origin": [ 12.3125, 10.3125, 7.5 ], "axis": "z", "angle": 22.5 },
    "faces": {
        "down":  { "uv": [ 14, 3, 14.75, 4 ], "texture": "#texture" },
        "up":    { "uv": [ 14, 3, 14.75, 4 ], "texture": "#texture" },
        "north": { "uv": [ 9, 2.5, 10, 3.5 ], "texture": "#texture" },
        "south": { "uv": [ 9, 2.5, 10, 3.5 ], "texture": "#texture" },
        "west":  { "uv": [ 7.5, 2.5, 8.5, 3.5 ], "texture": "#texture" },
        "east":  { "uv": [ 7.5, 2.5, 8.5, 3.5 ], "texture": "#texture" }
    }
},
{
    "from": [ 9.5625, 9.8125, 7.5 ],
    "to": [ 13.1875, 10.6875, 8.5 ],
    "faces": {
        "down":  { "uv": [ 9.5625, 7.5, 13.1875, 8.5 ], "texture": "#texture" },
        "up":    { "uv": [ 9.5625, 7.5, 13.1875, 8.5 ], "texture": "#texture" },
        "north": { "uv": [ 4.5, 7.5, 6, 8.5 ], "rotation": 180, "texture": "#texture" },
        "south": { "uv": [ 4.5, 7.5, 6, 8.5 ], "rotation": 180, "texture": "#texture" },
        "west":  { "uv": [ 4.5, 2, 5.5, 2.875 ], "texture": "#texture" },
        "east":  { "uv": [ 4.5, 2, 5.5, 2.875 ], "texture": "#texture" }
    }
},
{
    "__comment": "Sight Support Right Top",
    "from": [ 8.4375, 8.75, 7.5 ],
    "to": [ 10.0625, 9.5625, 7.8125 ],
    "rotation": { "origin": [ 8.4375, 9.5625, 7.5 ], "axis": "z", "angle": 45 },
    "faces": {
        "down":  { "uv": [ 12.5, 2, 14.125, 3 ], "texture": "#texture" },
        "up":    { "uv": [ 12.5, 2, 14.125, 3 ], "texture": "#texture" },
        "north": { "uv": [ 10.5, 2, 12.125, 2.6875 ], "texture": "#texture" },
        "south": { "uv": [ 10.5, 2, 12.125, 2.6875 ], "texture": "#texture" },
        "west":  { "uv": [ 7, 2, 8, 2.6875 ], "texture": "#texture" },
        "east":  { "uv": [ 7, 2, 8, 2.6875 ], "texture": "#texture" }
    }
},
{
    "__comment": "Sight Support Left Top",
    "from": [ 8.4375, 8.75, 8.1975 ],
    "to": [ 10.0625, 9.5625, 8.5 ],
    "rotation": { "origin": [ 8.4375, 9.5625, 8.5 ], "axis": "z", "angle": 45 },
    "faces": {
        "down":  { "uv": [ 12.5, 2, 14.125, 3 ], "texture": "#texture" },
        "up":    { "uv": [ 12.5, 2, 14.125, 3 ], "texture": "#texture" },
        "north": { "uv": [ 10.5, 2, 12.125, 2.6875 ], "texture": "#texture" },
        "south": { "uv": [ 10.5, 2, 12.125, 2.6875 ], "texture": "#texture" },
        "west":  { "uv": [ 7, 2, 8, 2.6875 ], "texture": "#texture" },
        "east":  { "uv": [ 7, 2, 8, 2.6875 ], "texture": "#texture" }
    }
},
{
    "__comment": "Sight Support Right Bottom",
    "from": [ 8.4375, 8.3125, 7.5 ],
    "to": [ 9.5, 9.5625, 7.8125 ],
    "faces": {
        "down":  { "uv": [ 12.5, 2.5, 13.5625, 3.5 ], "texture": "#texture" },
        "up":    { "uv": [ 12.5, 2.5, 13.5625, 3.5 ], "texture": "#texture" },
        "north": { "uv": [ 9, 3.5, 10.0625, 4.6875 ], "texture": "#texture" },
        "south": { "uv": [ 9, 3.5, 10.0625, 4.6875 ], "texture": "#texture" },
        "west":  { "uv": [ 7, 2, 8, 3.1875 ], "texture": "#texture" },
        "east":  { "uv": [ 7, 2, 8, 3.1875 ], "texture": "#texture" }
    }
},
{
    "__comment": "Sight Support Left Bottom",
    "from": [ 8.4375, 8.3125, 8.1975 ],
    "to": [ 9.5, 9.5625, 8.5 ],
    "faces": {
        "down":  { "uv": [ 12.5, 2.5, 13.5625, 3.5 ], "texture": "#texture" },
        "up":    { "uv": [ 12.5, 2.5, 13.5625, 3.5 ], "texture": "#texture" },
        "north": { "uv": [ 9, 3.5, 10.0625, 4.6875 ], "texture": "#texture" },
        "south": { "uv": [ 9, 3.5, 10.0625, 4.6875 ], "texture": "#texture" },
        "west":  { "uv": [ 7, 2, 8, 3.1875 ], "texture": "#texture" },
        "east":  { "uv": [ 7, 2, 8, 3.1875 ], "texture": "#texture" }
    }
},
{
    "from": [ 12.5, 10.625, 7.75 ],
    "to": [ 13.125, 11.25, 7.875 ],
    "faces": {
        "down":  { "uv": [ 8.5, 4, 7.5, 3 ], "texture": "#texture" },
        "up":    { "uv": [ 7, 2.5, 8, 3.5 ], "texture": "#texture" },
        "north": { "uv": [ 8, 2, 9, 3 ], "texture": "#texture" },
        "south": { "uv": [ 9, 2, 10, 3 ], "texture": "#texture" },
        "west":  { "uv": [ 6.5, 2.5, 7.5, 3.5 ], "texture": "#texture" },
        "east":  { "uv": [ 7, 3, 8, 4 ], "texture": "#texture" }
    }
},
{
    "from": [ 12.5, 10.6875, 8.125 ],
    "to": [ 13.125, 11.25, 8.25 ],
    "faces": {
        "down":  { "uv": [ 3.5, 8.25, 2.875, 8.125 ], "texture": "#texture" },
        "up":    { "uv": [ 12.5, 8.125, 13.125, 8.25 ], "texture": "#texture" },
        "north": { "uv": [ 5.5, 2.5, 6.125, 3.0625 ], "texture": "#texture" },
        "south": { "uv": [ 5.5, 2.5, 6.125, 3.0625 ], "texture": "#texture" },
        "west":  { "uv": [ 5.5, 2.5, 5.625, 3.0625 ], "texture": "#texture" },
        "east":  { "uv": [ 5.5, 2.5, 5.625, 3.0625 ], "texture": "#texture" }
    }
},
{
    "from": [ 12.5, 11.25, 7.75 ],
    "to": [ 13.125, 11.3125, 8.25 ],
    "faces": {
        "down":  { "uv": [ 11, 2, 12, 2.5 ], "texture": "#texture" },
        "up":    { "uv": [ 11, 2, 12, 2.5 ], "texture": "#texture" },
        "north": { "uv": [ 8.5, 2, 9.5, 2.5 ], "texture": "#texture" },
        "south": { "uv": [ 8.5, 2, 9.5, 2.5 ], "texture": "#texture" },
        "west":  { "uv": [ 9, 2, 10, 2.5 ], "texture": "#texture" },
        "east":  { "uv": [ 9.5, 2, 10.5, 2.5 ], "texture": "#texture" }


			}
		}

	],
	"display": {
    "thirdperson": {
        "rotation": [ 0, -90, 90 ],
        "translation": [ -0.1, 0.5, -1.9 ],
        "scale": [ 1, 1, 1 ]
	},
    "fixed": {
        "rotation": [ 0, 0, 0 ],
        "translation": [ 0, 0, 0 ],
        "scale": [ 3, 3, 3 ]
	},
    "firstperson": {
        "rotation": [ 0, 30, 0 ],
        "translation": [ 0, 3.25, 0 ],
        "scale": [ 2.5, 2.5, 2.5 ]
	},
	"gui": {
		"rotation": [ 30, -45, 45 ],
		"translation": [ 0, -0.5, 0 ],
		"scale": [ 2, 2, 2 ]
	}
}
}