{
    "textures": {
        "barrel": "blocks/coal_block",
        "altgrey": "blocks/stonebrick_carved",
        "woodhandle": "blocks/log_oak",
        "altbarrel": "blocks/anvil_base",
		"particle": "items/egg"
    },
    "elements": [
        {
            "from": [4.75,3,7.5],
            "to": [6.75,5.5,8.5],
            "faces": {
                "down": {
                    "texture": "#barrel"
                },
                "west": {
                    "uv": [7,0,10,16],
                    "texture": "#barrel"
                },
                "east": {
                    "uv": [15.0,9.5,16.0,14.5],
                    "texture": "missingtexture"
                },
                "north": {
                    "uv": [9,3,12,12],
                    "texture": "#altgrey"
                },
                "south": {
                    "uv": [9,3,12,12],
                    "texture": "#altgrey"
                }
            }
        },
        {
            "from": [4,3,7.6],
            "to": [4.75,5.5,8.400001],
            "faces": {
                "up": {
                    "texture": "#altbarrel"
                },
                "down": {
                    "texture": "#altbarrel"
                },
                "west": {
                    "texture": "#barrel"
                },
                "north": {
                    "uv": [15,8,16,14],
                    "texture": "#barrel"
                },
                "south": {
                    "uv": [15,6,16,11],
                    "texture": "#barrel"
                }
            }
        },
        {
            "from": [4.75,0,7.5],
            "to": [6.75,0.5,8.5],
            "faces": {
                "up": {
                    "texture": "#barrel"
                },
                "down": {
                    "texture": "#barrel"
                },
                "west": {
                    "texture": "#barrel"
                },
                "east": {
                    "texture": "#barrel"
                },
                "north": {
                    "texture": "#barrel"
                },
                "south": {
                    "texture": "#barrel"
                }
            }
        },
        {
            "from": [6.75,3,7.5],
            "to": [7,5.5,8.5],
            "faces": {
                "down": {
                    "texture": "#altgrey"
                },
                "east": {
                    "texture": "#altgrey"
                },
                "north": {
                    "uv": [13,6,14,11],
                    "texture": "#altgrey"
                },
                "south": {
                    "uv": [15,9,16,14],
                    "texture": "#altgrey"
                }
            }
        },
        {
            "from": [7,3.25,7.5],
            "to": [7.25,5.5,8.5],
            "faces": {
                "down": {
                    "texture": "#altgrey"
                },
                "east": {
                    "uv": [13,4.75,14,8],
                    "texture": "#altgrey"
                },
                "north": {
                    "uv": [13,10,14,14],
                    "texture": "#altgrey"
                },
                "south": {
                    "uv": [15,9,16,14],
                    "texture": "#altgrey"
                }
            }
        },
        {
            "from": [7.25,4,7.75],
            "to": [8.5,4.25,8.25],
            "faces": {
                "up": {
                    "uv": [9,8.25,11,9],
                    "texture": "#altgrey"
                },
                "down": {
                    "uv": [6,3,7.75,4],
                    "texture": "#altgrey"
                },
                "east": {
                    "texture": "#altbarrel"
                },
                "north": {
                    "texture": "#altgrey"
                },
                "south": {
                    "texture": "#altgrey"
                }
            }
        },
        {
            "from": [4.75,5.5,7.25],
            "to": [9.5,6.75,8.75],
            "faces": {
                "up": {
                    "uv": [6.5,14,16,16],
                    "texture": "#barrel"
                },
                "down": {
                    "uv": [10,15,16,16],
                    "texture": "#barrel"
                },
                "west": {
                    "uv": [14,12,16,16],
                    "texture": "#barrel"
                },
                "east": {
                    "uv": [14.25,12.75,15.75,15.5],
                    "texture": "#barrel"
                },
                "north": {
                    "uv": [3.5,13.5,16,16],
                    "texture": "#barrel"
                },
                "south": {
                    "uv": [2.75,12.75,16,16],
                    "texture": "#barrel"
                }
            }
        },
        {
            "from": [14.25,6.5,7.25],
            "to": [15.5,8,8.75],
            "faces": {
                "up": {
                    "uv": [8,3,11,4],
                    "texture": "#barrel"
                },
                "down": {
                    "uv": [13,14,16,16],
                    "texture": "#barrel"
                },
                "west": {
                    "texture": "#altbarrel"
                },
                "east": {
                    "uv": [9.25,10,12,13],
                    "texture": "#barrel"
                },
                "north": {
                    "uv": [14,14,16,16],
                    "texture": "#barrel"
                },
                "south": {
                    "uv": [13,15,16,16],
                    "texture": "#barrel"
                }
            }
        },
        {
            "from": [7.75,4.5,7.75],
            "to": [8,5.5,8.25],
            "faces": {
                "down": {
                    "texture": "#barrel"
                },
                "west": {
                    "texture": "#barrel"
                },
                "east": {
                    "texture": "#barrel"
                },
                "north": {
                    "texture": "#barrel"
                },
                "south": {
                    "uv": [15,15,16,16],
                    "texture": "#barrel"
                }
            }
        },
        {
            "from": [3,7.75,7.5],
            "to": [14.25,8,8.5],
            "faces": {
                "up": {
                    "uv": [4,6,6,16],
                    "texture": "#barrel",
                    "rotation": 90
                },
                "down": {
                    "uv": [10,15,16,16],
                    "texture": "#barrel"
                },
                "west": {
                    "uv": [14,12,16,16],
                    "texture": "#barrel"
                },
                "east": {
                    "uv": [14.25,12.75,15.75,15.5],
                    "texture": "#barrel"
                },
                "north": {
                    "uv": [3.5,13.5,16,16],
                    "texture": "#barrel"
                },
                "south": {
                    "uv": [2.75,12.75,16,16],
                    "texture": "#barrel"
                }
            }
        },
        {
            "from": [9.5,6.5,7.5],
            "to": [14.25,6.75,8.5],
            "faces": {
                "up": {
                    "uv": [6.5,14,16,16],
                    "texture": "#barrel"
                },
                "down": {
                    "uv": [12,7,14,16],
                    "texture": "#barrel",
                    "rotation": 90
                },
                "west": {
                    "uv": [14,12,16,16],
                    "texture": "#barrel"
                },
                "east": {
                    "uv": [14.25,12.75,15.75,15.5],
                    "texture": "#barrel"
                },
                "north": {
                    "uv": [3.5,13.5,16,16],
                    "texture": "#barrel"
                },
                "south": {
                    "uv": [2.75,12.75,16,16],
                    "texture": "#barrel"
                }
            }
        },
        {
            "from": [8.5,4,7.75],
            "to": [8.75,5.5,8.25],
            "faces": {
                "up": {
                    "texture": "#altbarrel"
                },
                "down": {
                    "uv": [9,8,10,9],
                    "texture": "#altgrey"
                },
                "west": {
                    "texture": "#altgrey"
                },
                "east": {
                    "uv": [9,8,10,10],
                    "texture": "#altgrey"
                },
                "north": {
                    "texture": "#altgrey"
                },
                "south": {
                    "texture": "#altgrey"
                }
            }
        },
        {
            "from": [3,6.75,7.25],
            "to": [14.25,7.75,8.75],
            "faces": {
                "up": {
                    "uv": [6.5,14,16,16],
                    "texture": "#barrel"
                },
                "down": {
                    "uv": [10,15,16,16],
                    "texture": "#barrel"
                },
                "west": {
                    "uv": [14,12,16,16],
                    "texture": "#barrel"
                },
                "east": {
                    "uv": [14.25,12.75,15.75,15.5],
                    "texture": "#barrel"
                },
                "north": {
                    "uv": [3.5,13.5,16,16],
                    "texture": "#barrel"
                },
                "south": {
                    "uv": [2.75,12.75,16,16],
                    "texture": "#barrel"
                }
            }
        },
        {
            "from": [3,5.5,7.25],
            "to": [4.75,6.75,8.75],
            "faces": {
                "up": {
                    "uv": [6.5,14,16,16],
                    "texture": "#barrel"
                },
                "down": {
                    "uv": [10,15,16,16],
                    "texture": "#barrel"
                },
                "west": {
                    "uv": [14,12,16,16],
                    "texture": "#barrel"
                },
                "east": {
                    "uv": [14.25,12.75,15.75,15.5],
                    "texture": "#barrel"
                },
                "north": {
                    "uv": [3.5,13.5,16,16],
                    "texture": "#barrel"
                },
                "south": {
                    "uv": [2.75,12.75,16,16],
                    "texture": "#barrel"
                }
            }
        },
        {
            "from": [2.5,6.25,7],
            "to": [3,8.25,9],
            "faces": {
                "up": {
                    "uv": [6.5,14,16,16],
                    "texture": "#barrel"
                },
                "down": {
                    "uv": [10,15,16,16],
                    "texture": "#barrel"
                },
                "west": {
                    "uv": [14,12,16,16],
                    "texture": "#barrel"
                },
                "east": {
                    "uv": [14.25,12.75,15.75,15.5],
                    "texture": "#barrel"
                },
                "north": {
                    "uv": [3.5,13.5,16,16],
                    "texture": "#barrel"
                },
                "south": {
                    "uv": [2.75,12.75,16,16],
                    "texture": "#barrel"
                }
            }
        },
        {
            "from": [-1.25,6.5,7],
            "to": [2.5,8,9],
            "faces": {
                "up": {
                    "uv": [6.5,14,16,16],
                    "texture": "#barrel"
                },
                "down": {
                    "uv": [10,15,16,16],
                    "texture": "#barrel"
                },
                "west": {
                    "uv": [14,12,16,16],
                    "texture": "#barrel"
                },
                "east": {
                    "uv": [14.25,12.75,15.75,15.5],
                    "texture": "#barrel"
                },
                "north": {
                    "uv": [3.5,13.5,16,16],
                    "texture": "#barrel"
                },
                "south": {
                    "uv": [2.75,12.75,16,16],
                    "texture": "#barrel"
                }
            }
        },
        {
            "from": [-1.25,8,7.25],
            "to": [2.5,8.25,8.75],
            "faces": {
                "up": {
                    "uv": [4,6,6,16],
                    "texture": "#barrel",
                    "rotation": 90
                },
                "down": {
                    "uv": [10,15,16,16],
                    "texture": "#barrel"
                },
                "west": {
                    "uv": [14,12,16,16],
                    "texture": "#barrel"
                },
                "east": {
                    "uv": [14.25,12.75,15.75,15.5],
                    "texture": "#barrel"
                },
                "north": {
                    "uv": [3.5,13.5,16,16],
                    "texture": "#barrel"
                },
                "south": {
                    "uv": [2.75,12.75,16,16],
                    "texture": "#barrel"
                }
            }
        },
        {
            "from": [-1.25,6.25,7.25],
            "to": [2.5,6.5,8.75],
            "faces": {
                "up": {
                    "uv": [4,6,6,16],
                    "texture": "#woodhandle",
                    "rotation": 90
                },
                "down": {
                    "uv": [10,15,16,16],
                    "texture": "#barrel"
                },
                "west": {
                    "uv": [14,12,16,16],
                    "texture": "#barrel"
                },
                "east": {
                    "uv": [14.25,12.75,15.75,15.5],
                    "texture": "#barrel"
                },
                "north": {
                    "uv": [3.5,13.5,16,16],
                    "texture": "#barrel"
                },
                "south": {
                    "uv": [2.75,12.75,16,16],
                    "texture": "#barrel"
                }
            }
        },
        {
            "from": [-1.75,6.25,7],
            "to": [-1.25,8.25,9],
            "faces": {
                "up": {
                    "uv": [6.5,14,16,16],
                    "texture": "#barrel"
                },
                "down": {
                    "uv": [10,15,16,16],
                    "texture": "#barrel"
                },
                "west": {
                    "uv": [14,12,16,16],
                    "texture": "#barrel"
                },
                "east": {
                    "uv": [14.25,12.75,15.75,15.5],
                    "texture": "#barrel"
                },
                "north": {
                    "uv": [3.5,13.5,16,16],
                    "texture": "#barrel"
                },
                "south": {
                    "uv": [2.75,12.75,16,16],
                    "texture": "#barrel"
                }
            }
        },
        {
            "from": [-1.75,8.25,7.75],
            "to": [-1.5,8.75,8.25],
            "faces": {
                "up": {
                    "texture": "#altbarrel"
                },
                "down": {
                    "texture": "#barrel"
                },
                "west": {
                    "texture": "#barrel"
                },
                "east": {
                    "texture": "#barrel"
                },
                "north": {
                    "texture": "#barrel"
                },
                "south": {
                    "uv": [15,15,16,16],
                    "texture": "#barrel"
                }
            }
        },
        {
            "from": [-4.75,6.25,7],
            "to": [-1.75,8.25,9],
            "faces": {
                "up": {
                    "uv": [3,9,6,14],
                    "texture": "#woodhandle"
                },
                "down": {
                    "uv": [3,9,6,14],
                    "texture": "#woodhandle"
                },
                "west": {
                    "uv": [14,12,16,16],
                    "texture": "#woodhandle"
                },
                "east": {
                    "uv": [14.25,12.75,15.75,15.5],
                    "texture": "#barrel"
                },
                "north": {
                    "uv": [3,9,6,14],
                    "texture": "#woodhandle"
                },
                "south": {
                    "uv": [3,9,6,14],
                    "texture": "#woodhandle"
                }
            }
        },
        {
            "from": [-7,6.75,7.25],
            "to": [-4.75,7.75,8.75],
            "faces": {
                "up": {
                    "uv": [4,3,16,16],
                    "texture": "#woodhandle"
                },
                "down": {
                    "uv": [10,15,16,16],
                    "texture": "#woodhandle"
                },
                "west": {
                    "uv": [14,12,16,16],
                    "texture": "#barrel"
                },
                "east": {
                    "uv": [14.25,12.75,15.75,15.5],
                    "texture": "#barrel"
                },
                "north": {
                    "uv": [3.5,13.5,16,16],
                    "texture": "#woodhandle"
                },
                "south": {
                    "uv": [2.75,12.75,16,16],
                    "texture": "#woodhandle"
                }
            }
        },
        {
            "from": [-7,7.75,7.5],
            "to": [-4.75,8,8.5],
            "faces": {
                "up": {
                    "uv": [4,6,6,16],
                    "texture": "#woodhandle",
                    "rotation": 90
                },
                "down": {
                    "uv": [10,15,16,16],
                    "texture": "#barrel"
                },
                "west": {
                    "uv": [14,12,16,16],
                    "texture": "#barrel"
                },
                "east": {
                    "uv": [14.25,12.75,15.75,15.5],
                    "texture": "#barrel"
                },
                "north": {
                    "uv": [5,15,16,16],
                    "texture": "#woodhandle"
                },
                "south": {
                    "uv": [4,15,16,16],
                    "texture": "#woodhandle"
                }
            }
        },
        {
            "from": [-7,6.5,7.5],
            "to": [-4.75,6.75,8.5],
            "faces": {
                "up": {
                    "uv": [6.5,14,16,16],
                    "texture": "#barrel"
                },
                "down": {
                    "uv": [12,7,14,16],
                    "texture": "#woodhandle",
                    "rotation": 90
                },
                "west": {
                    "uv": [14,12,16,16],
                    "texture": "#barrel"
                },
                "east": {
                    "uv": [14.25,12.75,15.75,15.5],
                    "texture": "#barrel"
                },
                "north": {
                    "uv": [4,15,16,16],
                    "texture": "#woodhandle"
                },
                "south": {
                    "uv": [4,15,16,16],
                    "texture": "#woodhandle"
                }
            }
        },
        {
            "from": [-7.5,6.5,7.25],
            "to": [-7,8,8.75],
            "faces": {
                "up": {
                    "uv": [8,3,11,4],
                    "texture": "#barrel"
                },
                "down": {
                    "uv": [13,14,16,16],
                    "texture": "#barrel"
                },
                "west": {
                    "texture": "#barrel"
                },
                "east": {
                    "uv": [9.25,10,12,13],
                    "texture": "#barrel"
                },
                "north": {
                    "uv": [14,14,16,16],
                    "texture": "#barrel"
                },
                "south": {
                    "uv": [13,15,16,16],
                    "texture": "#barrel"
                }
            }
        },
        {
            "from": [-10.25,6.75,7.25],
            "to": [-7.5,7.75,8.75],
            "faces": {
                "up": {
                    "uv": [6.5,14,16,16],
                    "texture": "#barrel"
                },
                "down": {
                    "uv": [10,15,16,16],
                    "texture": "#barrel"
                },
                "west": {
                    "uv": [14,12,16,16],
                    "texture": "#barrel"
                },
                "east": {
                    "uv": [14.25,12.75,15.75,15.5],
                    "texture": "#barrel"
                },
                "north": {
                    "uv": [6,0,11,16],
                    "texture": "#woodhandle",
                    "rotation": 90
                },
                "south": {
                    "uv": [11,0,16,16],
                    "texture": "#woodhandle",
                    "rotation": 90
                }
            }
        },
        {
            "from": [-10.25,6.5,7.5],
            "to": [-7.5,6.75,8.5],
            "faces": {
                "up": {
                    "uv": [6.5,14,16,16],
                    "texture": "#barrel"
                },
                "down": {
                    "uv": [8,0,14,16],
                    "texture": "#woodhandle",
                    "rotation": 90
                },
                "west": {
                    "uv": [14,12,16,16],
                    "texture": "#barrel"
                },
                "east": {
                    "uv": [14.25,12.75,15.75,15.5],
                    "texture": "#barrel"
                },
                "north": {
                    "uv": [3.5,13.5,16,16],
                    "texture": "#barrel"
                },
                "south": {
                    "uv": [2.75,12.75,16,16],
                    "texture": "#barrel"
                }
            }
        },
        {
            "from": [-10.25,7.75,7.5],
            "to": [-7.5,8,8.5],
            "faces": {
                "up": {
                    "uv": [12,0,16,16],
                    "texture": "#woodhandle",
                    "rotation": 90
                },
                "down": {
                    "uv": [12,7,14,16],
                    "texture": "#woodhandle",
                    "rotation": 90
                },
                "west": {
                    "uv": [14,12,16,16],
                    "texture": "#barrel"
                },
                "east": {
                    "uv": [14.25,12.75,15.75,15.5],
                    "texture": "#barrel"
                },
                "north": {
                    "uv": [3.5,13.5,16,16],
                    "texture": "#barrel"
                },
                "south": {
                    "uv": [2.75,12.75,16,16],
                    "texture": "#barrel"
                }
            }
        },
        {
            "from": [-11.75,6.25,7],
            "to": [-10.25,8.25,9],
            "faces": {
                "up": {
                    "uv": [6.5,14,16,16],
                    "texture": "#barrel"
                },
                "down": {
                    "uv": [10,15,16,16],
                    "texture": "#barrel"
                },
                "west": {
                    "uv": [14,12,16,16],
                    "texture": "#barrel"
                },
                "east": {
                    "uv": [14.25,12.75,15.75,15.5],
                    "texture": "#barrel"
                },
                "north": {
                    "uv": [3.5,13.5,16,16],
                    "texture": "#barrel"
                },
                "south": {
                    "uv": [2.75,12.75,16,16],
                    "texture": "#barrel"
                }
            }
        },
        {
            "from": [-14.75,6,6.75],
            "to": [-11.75,8.5,9.25],
            "faces": {
                "up": {
                    "uv": [6.5,14,16,16],
                    "texture": "#barrel"
                },
                "down": {
                    "uv": [10,15,16,16],
                    "texture": "#barrel"
                },
                "west": {
                    "uv": [14,12,16,16],
                    "texture": "#barrel"
                },
                "east": {
                    "uv": [14.25,12.75,15.75,15.5],
                    "texture": "#barrel"
                },
                "north": {
                    "uv": [3.5,13.5,16,16],
                    "texture": "#barrel"
                },
                "south": {
                    "uv": [2.75,12.75,16,16],
                    "texture": "#barrel"
                }
            }
        },
        {
            "from": [-15.75,5.25,6],
            "to": [-14.75,9.25,10],
            "faces": {
                "up": {
                    "uv": [6.5,14,16,16],
                    "texture": "#barrel"
                },
                "down": {
                    "uv": [10,15,16,16],
                    "texture": "#barrel"
                },
                "west": {
                    "uv": [14,12,16,16],
                    "texture": "#barrel"
                },
                "east": {
                    "uv": [14.25,12.75,15.75,15.5],
                    "texture": "#barrel"
                },
                "north": {
                    "uv": [3.5,13.5,16,16],
                    "texture": "#barrel"
                },
                "south": {
                    "uv": [2.75,12.75,16,16],
                    "texture": "#barrel"
                }
            }
        },
        {
            "from": [-1.25,2.75,7.5],
            "to": [0.5,6.25,8.5],
            "faces": {
                "down": {
                    "texture": "#barrel"
                },
                "west": {
                    "uv": [7,0,10,16],
                    "texture": "#woodhandle"
                },
                "east": {
                    "uv": [9,0,16,14.5],
                    "texture": "#woodhandle"
                },
                "north": {
                    "uv": [10,0,16,16],
                    "texture": "#woodhandle"
                },
                "south": {
                    "uv": [7,0,12,16],
                    "texture": "#woodhandle"
                }
            }
        },
        {
            "from": [-1.5,2.25,7.5],
            "to": [0.75,2.75,8.5],
            "faces": {
                "up": {
                    "texture": "#barrel"
                },
                "down": {
                    "texture": "#barrel"
                },
                "west": {
                    "texture": "#barrel"
                },
                "east": {
                    "texture": "#barrel"
                },
                "north": {
                    "texture": "#barrel"
                },
                "south": {
                    "texture": "#barrel"
                }
            }
        },
        {
            "from": [15.5,6.25,7],
            "to": [28,8.25,9],
            "faces": {
                "up": {
                    "uv": [4,3,11,16],
                    "texture": "#altbarrel"
                },
                "down": {
                    "uv": [2,0,16,16],
                    "texture": "#altbarrel"
                },
                "west": {
                    "texture": "#altbarrel"
                },
                "east": {
                    "uv": [9.25,10,12,13],
                    "texture": "#altbarrel"
                },
                "north": {
                    "uv": [4,5,15,10],
                    "texture": "#altbarrel"
                },
                "south": {
                    "uv": [11,0,16,16],
                    "texture": "#altbarrel"
                }
            }
        },
        {
            "from": [16.75,8.25,7.25],
            "to": [27.25,8.5,8.75],
            "faces": {
                "up": {
                    "uv": [4,6,6,16],
                    "texture": "#altbarrel",
                    "rotation": 90
                },
                "down": {
                    "uv": [10,15,16,16],
                    "texture": "#barrel"
                },
                "west": {
                    "uv": [14,12,16,16],
                    "texture": "#altgrey"
                },
                "east": {
                    "uv": [14.25,12.75,15.75,15.5],
                    "texture": "#altbarrel"
                },
                "north": {
                    "uv": [3.5,13.5,16,16],
                    "texture": "#altbarrel"
                },
                "south": {
                    "uv": [2.75,12.75,16,16],
                    "texture": "#altbarrel"
                }
            }
        },
        {
            "from": [16.75,6,7.25],
            "to": [27.25,6.25,8.75],
            "faces": {
                "up": {
                    "uv": [4,6,6,16],
                    "texture": "#woodhandle",
                    "rotation": 90
                },
                "down": {
                    "uv": [3,4,13,15],
                    "texture": "#altbarrel"
                },
                "west": {
                    "uv": [14,12,16,16],
                    "texture": "#altbarrel"
                },
                "east": {
                    "uv": [14.25,12.75,15.75,15.5],
                    "texture": "#altbarrel"
                },
                "north": {
                    "uv": [3.5,11.5,16,14],
                    "texture": "#altbarrel"
                },
                "south": {
                    "uv": [2.75,12.75,16,16],
                    "texture": "#altbarrel"
                }
            }
        },
        {
            "from": [16.75,6.5,6.75],
            "to": [27.25,8,9.25],
            "faces": {
                "up": {
                    "uv": [4,6,6,16],
                    "texture": "#altbarrel",
                    "rotation": 90
                },
                "down": {
                    "uv": [10,15,16,16],
                    "texture": "#altbarrel"
                },
                "west": {
                    "uv": [14,12,16,16],
                    "texture": "#altbarrel"
                },
                "east": {
                    "uv": [14.25,12.75,15.75,15.5],
                    "texture": "#altbarrel"
                },
                "north": {
                    "uv": [3.5,13.5,16,16],
                    "texture": "#altbarrel"
                },
                "south": {
                    "uv": [2.75,12.75,16,16],
                    "texture": "#altbarrel"
                }
            }
        },
        {
            "from": [18.5,5.75,6.5],
            "to": [26,8.75,9.5],
            "faces": {
                "up": {
                    "uv": [4,3,11,14],
                    "texture": "#altbarrel"
                },
                "down": {
                    "uv": [6,1,16,16],
                    "texture": "#altbarrel"
                },
                "west": {
                    "texture": "#altbarrel"
                },
                "east": {
                    "uv": [9.25,10,12,13],
                    "texture": "#altbarrel"
                },
                "north": {
                    "uv": [4,3,16,16],
                    "texture": "#altbarrel"
                },
                "south": {
                    "uv": [1,4,16,16],
                    "texture": "#altbarrel"
                }
            }
        },
        {
            "from": [21.25,5.5,6.25],
            "to": [22.75,9,9.75],
            "faces": {
                "up": {
                    "uv": [11,4,14,12],
                    "texture": "#altgrey"
                },
                "down": {
                    "uv": [1,3,4,12],
                    "texture": "#altgrey"
                },
                "west": {
                    "texture": "#altbarrel"
                },
                "east": {
                    "uv": [9.25,10,12,13],
                    "texture": "#barrel"
                },
                "north": {
                    "uv": [4,4,1,12],
                    "texture": "#altgrey"
                },
                "south": {
                    "uv": [11,4,14,12],
                    "texture": "#altgrey"
                }
            }
        },
        {
            "from": [28,6.75,7.5],
            "to": [29.25,7.75,8.5],
            "faces": {
                "up": {
                    "uv": [5,3,8,4],
                    "texture": "#altgrey"
                },
                "down": {
                    "uv": [9,10,11,11],
                    "texture": "#altgrey"
                },
                "east": {
                    "uv": [3.25,3,5,5],
                    "texture": "#altgrey"
                },
                "north": {
                    "uv": [3,3,6,4],
                    "texture": "#altgrey"
                },
                "south": {
                    "uv": [3,3,6,4],
                    "texture": "#altgrey"
                }
            }
        },
        {
            "from": [4.75,0.5,7.5],
            "to": [6.75,3,8.5],
            "faces": {
                "down": {
                    "texture": "#barrel"
                },
                "west": {
                    "uv": [7,0,10,16],
                    "texture": "#barrel"
                },
                "east": {
                    "uv": [8,0,16,14.5],
                    "texture": "#woodhandle"
                },
                "north": {
                    "uv": [10,0,16,16],
                    "texture": "#woodhandle"
                },
                "south": {
                    "uv": [7,0,12,16],
                    "texture": "#woodhandle"
                }
            }
        }
    ],
"display": {
        "thirdperson_righthand": {
           "rotation": [ 0, 90, 0 ],
           "translation": [ 0.1, 1.2, -0.5 ],
           "scale": [ 0.6, 0.6, 0.6 ]
        },
        "thirdperson_lefthand": {
           "rotation": [ 0, -90, 0 ],
           "translation": [ -0.1, 1.2, -0.5 ],
           "scale": [ 0.6, 0.6, 0.6 ]
        },
        "firstperson_righthand": {
           "rotation": [ 20, 90, 0 ],
           "translation": [ 2.0, 3.0, -2.0 ],
           "scale": [ 1.0, 1.0, 1.0 ]
        },
        "firstperson_lefthand": {
           "rotation": [ 20, -90, 0 ],
           "translation": [ 2.0, 3.0, -2.0 ],
           "scale": [ 1.0, 1.0, 1.0 ]
        },
        "gui": {
           "rotation": [ 0, 0, 45 ],
           "translation": [ -1.2, 0, 0 ],
           "scale": [ 0.7, 0.7, 0.7 ]
        }

    }
}